date,PC1,PC2,PC3,PC4,PC5,PC6,us_aqi,european_aqi
2022-08-01,-0.46795948367228213,-0.14877016713393973,-0.2919130092145716,0.31528399971185245,0.013887334795738797,0.03226300827251676,,
2022-08-02,-0.46795948367228213,-0.14877016713393973,-0.2919130092145716,0.31528399971185245,0.013887334795738797,0.03226300827251676,,
2022-08-03,-0.46795948367228213,-0.14877016713393973,-0.2919130092145716,0.31528399971185245,0.013887334795738797,0.03226300827251676,,
2022-08-04,1.2519523837496964,3.767905821236086,0.6722010529085607,1.0149207917798024,0.011565351480979823,0.12588880463182897,,
2022-08-05,-0.5588915639084279,3.477772465912256,-1.3470987115942765,-1.3501534399059185,-0.43981517140974347,-0.4574126744774724,70.42105263157895,47.31578947368421
2022-08-06,-0.9859751694659338,3.2461562420149495,-0.9997813149526883,-0.974926347745798,-0.5115165637136838,-0.3568758767350625,55.75,29.45833333333333
2022-08-07,-1.4736387147475423,3.278623872379617,-0.7359775018031722,-0.765439628462324,-0.4394252481602249,-0.007896860394827544,59.04166666666666,32.625
2022-08-08,-0.9511848950129645,3.157541391801167,-0.00826848419077504,-0.06818899026280129,-0.24976040172669606,0.33940308715393736,55.25,30.08333333333333
2022-08-09,-1.0970082892447286,2.653237527592255,-0.07944832004376277,-0.3435541398073735,-0.4256969827399218,0.5344706124958641,56.54166666666666,31.041666666666668
2022-08-10,-1.081686582153228,2.218354545372719,0.301726075313545,0.279668418247636,-0.3114658472718193,0.2680505274144399,58.25,33.125
2022-08-11,-0.7451192890139344,2.227616507704931,0.5586607787327175,0.41866706865528275,-0.7469654857623226,-0.2110099924569357,62.25,36.0
2022-08-12,-0.33469645124404707,3.9508359648040496,0.8263825552386288,0.7151733298346341,-1.2090718009504944,-0.42652774674466953,71.95833333333333,49.25
2022-08-13,0.4517161913802988,3.9214374838389445,0.7298739462629669,0.7289815293642737,-1.0814857596956122,-0.6516821547283591,76.5,57.75
2022-08-14,0.254893272689229,3.5643752899509726,0.11433258532886569,-0.5502336022962363,-1.0295224517518178,-0.2049225283321538,79.41666666666667,59.375
2022-08-15,2.094804046014741,2.938270083079715,0.49934546442545114,-0.0780376386971114,-0.09797687845108226,-0.01669966214059846,83.125,60.25
2022-08-16,1.2058608039814518,2.13855333809869,0.45659201506351516,-0.16158831989618236,-0.5129040521061493,0.9143340328091839,96.58333333333331,67.20833333333333
2022-08-17,1.6450682384504238,1.601748562803984,0.6928137325939331,0.520890150982473,-0.8176917806228367,0.35620347906311894,78.625,59.04166666666666
2022-08-18,2.7066531133820444,2.650854294311907,0.936691395798448,-0.21873079522262268,-0.8620592044333152,0.09068377490083034,96.45833333333331,67.04166666666667
2022-08-19,1.3033143370423632,3.2309070955863923,0.6744235394661692,-0.29241426717180574,-0.4188692679001186,0.31292634196543156,94.25,66.25
2022-08-20,1.343152368172566,3.426876260382273,0.3892961786957368,-0.7555330895543254,-0.4073760643559129,0.3379595356303658,87.58333333333333,63.75
2022-08-21,0.5442479087784708,2.5188539931783063,0.704435434079071,0.09922610493661188,-0.5690335074265118,-0.04702186568053514,86.875,63.458333333333336
2022-08-22,0.17837412441282857,2.1921191757411815,0.7403237186402539,0.5980576083293403,-0.8632108049549083,0.17677387066041803,85.875,63.125
2022-08-23,0.7520253329286667,2.8100446062134243,0.42258195464583054,0.07064177031435857,-0.8670464136022354,0.29500508631104033,79.0,59.333333333333336
2022-08-24,-0.13982206732460165,2.5511418947567446,0.6987249681071545,0.022798076798363796,-0.896195950093361,0.6350614529557487,76.66666666666667,56.0
2022-08-25,1.417899568146756,3.192204636697734,1.1430404294868524,0.629313852829155,-0.4276619040786757,0.1407673758601149,75.95833333333333,53.958333333333336
2022-08-26,-0.13797928118324546,1.670365924301143,0.6171219120867975,0.7649002577069018,-0.8689302963859933,0.1996293103045682,77.5,57.208333333333336
2022-08-27,1.101424056894585,2.1978461597064425,0.5658415582542322,0.9831910950526953,-0.524719502093779,-0.05246555169536115,77.20833333333333,55.29166666666666
2022-08-28,0.5343769852750454,1.9264527251779922,0.4412448773432052,0.6708143881568335,-0.6607052979814059,0.606400998272589,77.54166666666667,57.083333333333336
2022-08-29,2.3939149646390314,1.9677951997329524,0.3488205926402274,0.31124983892036484,-0.7081448268921685,1.1240429716618805,83.20833333333333,61.708333333333336
2022-08-30,-0.6770916379016294,1.257910460946201,-0.01735985390871771,0.4558664573718339,-0.347117919028704,0.32400137845725435,81.91666666666667,59.04166666666666
2022-08-31,-2.0598265433576244,1.5436939932204365,-0.4722299859120353,0.002558805842667121,-0.5744189738490482,0.0744441668180607,55.16666666666666,28.75
2022-09-01,-1.999951060659711,2.2572710829388587,-0.8366800897491804,-0.5042453635034845,-0.5126116453584277,-0.0504265876730745,50.29166666666666,24.58333333333333
2022-09-02,-1.636010001230069,2.0012184197236245,-0.12646835632323505,0.40242986051334945,-0.37164765427230184,-0.12664268570403078,51.333333333333336,25.83333333333333
2022-09-03,0.4322938932377261,2.284929467454661,0.6062045997783938,1.266342612752647,-0.5338983497523665,-0.5730384246845938,65.0,44.04166666666666
2022-09-04,1.5234740644544547,2.218827459032466,0.3257301637329764,0.9698770643629419,-0.3299651382222466,-0.31800036928119974,92.45833333333331,64.70833333333333
2022-09-05,0.2266293829112009,2.115238261288253,0.4357606927267522,1.2170819305262544,-0.05746420599589229,-0.598899948853691,80.79166666666667,58.958333333333336
2022-09-06,1.3464657071786144,2.9333393904897824,0.49528597444038236,1.0688660465549171,-0.15352907988488873,-0.3304446879431131,80.29166666666667,59.91666666666666
2022-09-07,2.645751015078666,5.182061937589205,-0.568604737804598,-0.6543396219025739,-0.3455693028207275,-0.48075771220382896,87.33333333333333,63.583333333333336
2022-09-08,0.46998144194859715,4.581261197026591,-0.5425870335950052,-0.6426907992004982,-0.06749451296461424,0.012179866231852679,84.20833333333333,61.41666666666666
2022-09-09,0.6493298541440613,4.139079299860809,-0.182696634982514,-0.12405777551337153,-0.06393304908817508,-0.09403537588090002,73.91666666666667,52.875
2022-09-10,0.249762278275108,3.678274086643484,-0.6849752071734807,-0.6484908127636738,-0.05701086481916725,-0.17551722994635163,76.125,56.75
2022-09-11,-0.4106236046584118,2.7410178044926043,-0.5658435509234042,-0.5461249926645757,-0.4203520830226943,-0.08574725036119418,67.45833333333333,41.75
2022-09-12,0.186854107734943,2.9581614022491407,0.013020510646834094,0.03599084088014555,-0.2917762604797209,-0.15825505254576575,72.33333333333333,50.125
2022-09-13,-0.12247648030715813,2.235966946196563,0.6216417717620186,0.7443347898870819,-0.3425545409788217,-0.4159164738286019,75.5,56.0
2022-09-14,0.7807449121289345,2.0900134092051936,0.44608204253883804,0.5441380506260982,-0.6101746400575814,-0.31869703313621683,77.95833333333333,58.66666666666666
2022-09-15,2.295550319612115,3.4716123601534346,0.025409880812650304,-0.09449383363743333,-0.14140317620580642,-0.36341839126393877,87.125,63.5
2022-09-16,2.813786520622632,3.3606948336445663,0.6948046101442958,0.9243737883025638,-0.4385569365298371,-0.9128031786375495,107.45833333333331,70.75
2022-09-17,2.6427280789141716,3.415308260535994,0.6698571809346968,1.0252842157606465,-0.7033876417003252,-1.1693960050510257,107.25,70.75
2022-09-18,1.8198480380920423,3.9218722089625513,0.5566190889268786,0.8168132587277674,-0.4838192870432007,-0.9929770603492603,106.79166666666669,70.45833333333333
2022-09-19,1.4716530269024786,3.486902553478531,0.01612549667846293,-0.1604333993880677,-0.03774862952673368,-0.2517450973226302,95.08333333333331,66.58333333333333
2022-09-20,0.9065712874732689,2.712821702179203,0.5925703456777506,0.025007123305491565,0.44367191472912954,-0.13323084537108784,85.04166666666667,62.79166666666666
2022-09-21,1.5636618762418593,3.76284668550297,0.5746257162596329,-0.037927189521256045,0.719836066459376,0.1405022036033886,90.04166666666667,64.70833333333333
2022-09-22,1.521625768132508,2.332328536532752,0.4693498643089866,0.4055934841682816,0.1649785573000896,-0.413943429671125,81.75,61.41666666666666
2022-09-23,1.3916021636418356,3.0494823043282904,0.4068844814081297,0.49194405455226736,0.5123190348241868,-0.35090763129196856,89.25,64.25
2022-09-24,-0.36663761191629873,1.8529870620459772,0.41504432769561983,0.5407894394292143,-0.15244643082528392,-0.3041828249806553,81.20833333333333,60.29166666666666
2022-09-25,0.5889622906749634,2.0848496904736264,0.20067101209546687,0.6350537994099665,0.11465490583541114,-0.5409230346264423,70.95833333333333,48.833333333333336
2022-09-26,1.531717286060054,3.6797969764249454,0.0727827999693193,0.15921384521687276,-0.4532689543629948,-0.509856741019244,80.625,61.25
2022-09-27,0.5385528381485729,1.8784306739058458,0.24119546200599415,0.6944426369931922,-0.45543295457065847,-0.36503435353670616,76.91666666666667,55.25
2022-09-28,2.7427434046471744,2.539729907206713,-0.3348621865985311,-0.0126420607192735,-0.5274068248515063,0.11423493519683206,82.875,61.41666666666666
2022-09-29,2.441487949534724,2.3366684264864284,-0.2922167974590489,0.005868611502510152,-0.33537800796264605,0.6342713399998309,89.625,64.41666666666667
2022-09-30,2.318933957287607,5.01194810362706,-1.354022134076902,-2.0625012278293804,-0.8891989539593711,0.7109159664247237,84.79166666666667,62.66666666666666
2022-10-01,1.4311815708867675,3.9913281180702,-1.50967821313009,-2.163354954566774,-1.0423135297861768,1.2609223216591183,70.875,47.208333333333336
2022-10-02,2.0011618815911856,4.480149386734124,-1.248318244503665,-1.758875787438489,-0.3486237736721177,0.7036587166557606,69.33333333333333,44.375
2022-10-03,4.006137125296668,5.540517767485917,-0.835203179921547,-1.3900599351457024,0.6933598005878703,1.0272832724827863,91.29166666666669,65.08333333333333
2022-10-04,6.356951340783333,7.194649152852683,-0.9386069405187772,-2.085400427854695,1.4331720016646547,1.8198636636676004,119.41666666666669,74.58333333333333
2022-10-05,5.6921030805970725,7.104613710446283,-0.34679295549234207,-1.9295727852560387,-0.5227375659909737,1.309577783043438,132.29166666666666,78.75
2022-10-06,3.48481828645448,3.5762812952316665,-1.5820160602351356,-1.8598300919536361,-0.6481047439900108,0.7944796612313917,102.70833333333331,69.0
2022-10-07,1.8824403059239585,2.1283035319462797,-0.28675912107615703,0.18165285861539346,-0.09858720769744768,0.4430285491998714,92.54166666666669,65.58333333333333
2022-10-08,3.321044032105166,3.060310166273938,-0.6085715577474328,-0.4089628059106634,-0.43604343532415646,-0.06763073985173568,96.04166666666669,66.91666666666667
2022-10-09,-0.7172847386258379,1.7712695016302764,-0.7132225078818787,-0.1885527010004196,-0.28917621549329436,-0.368131257442344,89.04166666666667,61.958333333333336
2022-10-10,-1.2539773214446217,2.486136943750807,-0.2978910568289647,0.18970175351553312,-0.049412373577049265,-0.27620181128149124,54.54166666666666,30.70833333333333
2022-10-11,-2.145775882649721,0.9461667451782424,-0.21607779062715696,0.4447244631657036,-0.4019323677701532,-0.1296387729055317,53.208333333333336,27.416666666666668
2022-10-12,0.13856264737042656,1.8975853538952312,-0.42929419734341545,0.07439553382687283,-0.26483891400139065,-0.048888287765244204,56.458333333333336,33.625
2022-10-13,-0.007016866049744066,1.7797321974042155,-0.3910625936732546,0.19166555145542338,-0.05850189205837374,-0.267013177054678,69.29166666666667,45.25
2022-10-14,0.39246869492660014,3.515795292208179,-0.7638174757599951,-0.5253734283605099,-0.18004315996270628,-0.5356817556980658,66.83333333333333,40.708333333333336
2022-10-15,-0.7243530227573007,2.5802946210028597,-0.25664991715576835,0.3022817627203524,0.2603184308447168,-0.37349374566594745,55.91666666666666,34.416666666666664
2022-10-16,-1.8309189111664463,1.8813008690649229,-0.44811584943410526,0.07311663034538535,-0.23206895477215833,-0.2888181869450323,53.958333333333336,27.95833333333333
2022-10-17,-1.9614479913255514,2.2265897072446132,-0.45601333620833145,-0.03762037186721883,-0.7412683976240798,-0.5431289136666938,44.91666666666666,21.95833333333333
2022-10-18,-0.7488925486769793,3.6349937893168955,-0.09345600005520777,0.09061977514079651,-1.0129201260498821,-0.4904983038579637,56.083333333333336,30.041666666666668
2022-10-19,0.6229120891330255,1.0541249871570058,-0.8474142476172014,-0.19475499244581868,-0.3676126094838943,0.026551460378181284,64.125,46.41666666666666
2022-10-20,-0.8958576271303647,0.4280365263486431,-1.0585082280501688,-0.20635388572753663,-0.21061617330453017,-0.4830794822935808,61.79166666666666,36.91666666666666
2022-10-21,-0.4092406130644058,0.3925737694337344,-0.7471162958626021,0.14556509619523725,-0.2281154164010624,-0.38236149263817,50.75,37.333333333333336
2022-10-22,2.7202854189862973,-0.7199495736635956,-0.8103485036161926,0.13610393752836572,0.038381771451549314,0.16613989217849598,92.20833333333331,62.66666666666666
2022-10-23,2.644332277170721,1.1919874059606215,-0.2653211006673145,0.5982037434420587,1.318303385791299,-0.6210768631682412,100.375,66.45833333333333
2022-10-24,3.0398339400673655,3.3834347727384473,-0.013579048590149974,0.16667908062880796,1.5902324991021142,-0.5180876294301746,95.875,66.375
2022-10-25,6.406446303886381,6.667467008404401,0.1912718343290393,-0.02266217342414765,2.289822916823002,-0.5777330811834225,117.75,73.95833333333333
2022-10-26,1.928196877581127,1.122684651260184,0.12631236998225623,0.4663915059690279,0.8646512402440002,-0.8163239279384489,116.375,73.41666666666667
2022-10-27,0.028364803934920378,0.5042036069308841,-0.8498594092861675,-0.1867655186585727,-0.02740548429626389,-0.41719211678365753,76.95833333333333,54.833333333333336
2022-10-28,-0.9109452653029928,0.14689038653107134,-0.9381814732944033,-0.1501410034292478,-0.27906278564176323,-0.399527282234759,60.583333333333336,35.166666666666664
2022-10-29,1.4128210082901393,0.14686889973101133,-0.7050129461872122,-0.06004471576303962,-0.5838067010608051,-0.4270193659709909,69.83333333333333,49.458333333333336
2022-10-30,2.9892345575360233,-0.7824373396058387,-0.07710903735452476,0.6293128592737866,-0.6159094866545902,-0.8494265250179146,100.29166666666669,67.70833333333333
2022-10-31,2.6449793847425114,-0.7370677398409323,-1.4497279512918537,-0.7949178482467572,-0.70246384523086,-0.8527131569351838,116.16666666666669,73.45833333333333
2022-11-01,-0.4764453235165898,0.5803963177644637,-2.1820162941285774,-1.6589835225460183,-0.4155721601773474,-0.6661625708811735,79.25,53.708333333333336
2022-11-02,-1.305173500938915,0.5766892615321931,-1.8124352490408793,-1.2518671968279518,-0.2254526904125694,-0.358585189007245,56.41666666666666,31.416666666666668
2022-11-03,-1.3677099372778598,0.6770878385176927,-1.626369687664964,-0.9205034730036129,0.1069351428500241,-0.508859415146829,47.75,27.125
2022-11-04,-1.1508380837198968,0.9942097555137693,-1.7350214873350955,-1.1236698746569687,0.13275659720166968,-0.1994096336166186,52.625,26.541666666666668
2022-11-05,-0.2609117547708101,0.7146694519758577,-0.5287240850313651,0.2612550371957744,0.44608264268154946,0.029737654469171933,57.083333333333336,32.083333333333336
2022-11-06,1.951131882206876,-0.19611542773375087,-0.1345492198726555,-0.1408812138150589,-0.08161524884188731,-0.21884368475051216,83.75,59.583333333333336
2022-11-07,0.8734749741815506,-0.06916312151017495,-0.7997163377633235,-0.2844238425168678,0.06887811810686216,-0.3961342161648567,82.625,61.79166666666666
2022-11-08,0.06576583577488924,0.11889976390401699,-0.7701866699928461,-0.18670009140213883,-0.13498006340146088,-0.31326471402034306,78.25,59.16666666666666
2022-11-09,-0.1976223340586746,0.14618001811858033,-1.1027402841256913,-0.6064125174037246,-0.2223533581507102,-0.36975821797865693,73.375,51.875
2022-11-10,-0.6475298502492727,-0.15517931535544044,-0.8382315576128749,-0.14715750354625157,-0.5296193910791107,-0.34965210237932753,60.208333333333336,35.833333333333336
2022-11-11,0.923795491892444,-0.8857943633045904,-2.0615358310240626,-1.3057010732970291,-0.8044323318479076,-0.8417882580855499,80.04166666666667,59.958333333333336
2022-11-12,-1.932081177129252,0.22919496942002715,-1.8245670601779984,-1.252480869177255,-0.7095750569525686,-0.5322280541552195,59.5,34.375
2022-11-13,-1.5581108328642679,0.5534462147908397,-1.8698667685088508,-1.2187451850871696,-0.028184077368604257,-0.4296468928773715,40.125,25.5
2022-11-14,3.2205889905745533,-0.6119262020715367,-0.9293065931720874,-0.6914160167988324,-0.9432565240560774,0.5966771980854645,70.0,49.958333333333336
2022-11-15,4.549244879249978,-0.3824621114310074,-0.5945327928990907,-0.614963703082183,-1.0499198166126746,0.5958871522067185,127.66666666666669,77.25
2022-11-16,3.9889318217589946,0.29952032901530895,-0.009926847856613664,0.08360580216391487,-0.45254137740584194,-0.8648241828727621,129.29166666666666,77.83333333333333
2022-11-17,4.451699787179654,0.5301766404141027,-0.04650925178874873,0.5831441010257727,0.4295103845734556,-1.5355308575822857,139.375,78.70833333333333
2022-11-18,4.5670141953358145,-0.08211013873248374,-0.313049403663267,-0.00028723334549188,-0.27615733006910775,-1.3166452422068233,140.66666666666666,81.45833333333333
2022-11-19,3.369190483199398,-0.4267703380124102,-0.4983145886846211,0.2302502273605553,-0.09074260534867198,-0.9938105603077904,118.54166666666669,74.29166666666667
2022-11-20,3.261626884629956,0.35445909198293896,-1.0507967739175037,-0.43332246897143506,-0.5317460296404455,-1.4073101324029724,117.33333333333331,73.875
2022-11-21,2.2731254577947553,0.7800726292605101,-1.175830708659772,-0.4966891695990953,-0.711983062259424,-1.0322555038304018,110.04166666666669,71.625
2022-11-22,1.2700572263303898,0.8535763533730546,-1.37443985382951,-0.714332798922391,-0.4251543917148408,-0.5624102757704913,96.875,67.25
2022-11-23,1.083395498039721,2.078871438671328,-0.763729675358389,-0.10390081514324945,-0.45484361968498976,-0.8579038201145286,76.125,54.29166666666666
2022-11-24,1.9470448724231844,1.8586780134506495,-0.693172907833631,-0.1722723846171843,-1.064877297296557,-0.4264029934120511,93.25,65.83333333333333
2022-11-25,-0.8094314450153101,1.8207509600622915,-0.5566190725126979,-0.05177289445776774,-1.0745188008630684,-0.5070757303959859,75.79166666666667,53.875
2022-11-26,1.3801661419002038,0.45491212415213667,-1.0396325767403607,-0.391108538216178,-0.37542778188795,0.7973455783748336,64.625,39.41666666666666
2022-11-27,5.578762499846293,1.2576964600784832,-0.815236737060767,-0.4100242429023974,0.24006834283500975,1.5471456008569726,101.16666666666669,68.54166666666667
2022-11-28,7.298294204832779,0.9416723900254667,-0.4892119951716975,-0.36222702167251,-0.16931006719472474,0.8198692560888571,146.25,85.125
2022-11-29,3.705486443871106,0.4324744147437842,-0.5202978443400473,0.21168153191388422,0.06439842811611236,-0.7306855591159055,132.70833333333334,79.16666666666667
2022-11-30,4.365735405299062,-0.5204900244096572,-0.787320313852698,-0.41644773458464757,-1.4914773231704468,0.33018184598470035,120.16666666666669,74.95833333333333
2022-12-01,1.2484509099010155,0.05471248773821122,-1.1367757555005549,-0.32562119643689885,-0.16696616838221023,-0.057145493755015916,112.54166666666669,72.25
2022-12-02,-1.9984932797831114,0.9916783334821052,-0.8037461680258898,-0.1560238509545276,-0.1904536766009755,-0.34646463502877745,66.125,42.083333333333336
2022-12-03,-0.06202005426118163,0.3227960105749434,-1.2213694946319515,-0.38647006455162136,0.09130378792367232,-0.3697695479863858,53.708333333333336,35.166666666666664
2022-12-04,4.020201007061846,-0.7990009569348844,-0.7157432882065219,0.23123190494508156,-0.5332741719199823,-0.17000836590769586,96.5,64.70833333333333
2022-12-05,6.74470279574185,-1.0067545922586427,-0.5487118590049179,0.2528432687740426,-1.2736027989357754,0.17941913039931448,148.25,85.70833333333333
2022-12-06,8.248355271017427,-1.2007108710933516,-0.26463426053958716,0.7730727900165604,-1.6069570025346398,-0.6105065214200363,157.08333333333334,95.08333333333331
2022-12-07,9.32685161153611,-1.5445409910548569,-0.6884435893863529,0.6808574129415811,-1.6256247072631662,-1.3796246129944287,165.08333333333334,107.41666666666669
2022-12-08,4.558438584960414,-0.6532511993150001,-1.6625400321215662,-0.6565757628057712,-0.9200739025877698,-1.4399728819328217,155.91666666666666,94.5
2022-12-09,0.7753868789235996,-0.8763419785775914,-2.2776893146885056,-1.472204837138214,-0.8337533741257626,-0.9230173830557782,103.41666666666669,69.29166666666667
2022-12-10,0.20168094436112813,0.8204330809524678,-1.582049723065977,-0.6853800568896171,0.7270772755691273,-0.5921548685219254,70.20833333333333,48.79166666666666
2022-12-11,0.9839662785207198,0.8545768044140506,-1.4314776087391552,-0.865765790430048,-0.03201864775817948,0.03861702194725623,71.70833333333333,49.208333333333336
2022-12-12,0.13217713770639322,0.25628941869411387,-1.70452433303324,-1.2956462410320997,-0.8352808213234235,0.2902218753474099,69.33333333333333,44.66666666666666
2022-12-13,-2.7287485044867315,0.27670100057655156,-0.1322575637978557,0.5304993563549943,-0.7762963915524437,0.16718317713197686,62.25,35.416666666666664
2022-12-14,-5.000632467801815,-0.3297448921224741,-0.43827361520591573,0.25458847412936814,-1.1476119851667386,-0.1090060451524808,21.83333333333333,12.75
2022-12-15,-4.914270981730492,-0.44199467536444353,-0.44444922105634466,0.31491259468470656,-1.006598567551772,-0.17946321694139997,14.625,13.25
2022-12-16,1.1454432633682892,0.17783065032281106,-0.42799894635551894,0.4161970818037294,-0.3828380685033699,-0.12394308494327368,44.625,40.375
2022-12-17,3.791398024598735,-0.09959144815387046,-0.6560151261311897,-0.09616577013745299,-1.0966454067657936,0.5900078014610047,108.16666666666669,71.04166666666667
2022-12-18,2.789214053757059,-0.8027549559475956,-0.5446551350391473,0.07031539586026692,-0.9964833589966384,0.1639559132194063,111.58333333333331,72.125
2022-12-19,1.8626379361162742,-0.6108602084318527,-0.7495059688247788,-0.4348187046449547,-0.982467922328767,-0.3583617639865765,94.625,66.45833333333333
2022-12-20,2.8547649659389926,-0.5492263560221452,-0.7265555373468038,-0.1192681113779045,-0.7604858996324524,-0.02051526249906456,106.91666666666669,70.625
2022-12-21,1.8667471157024667,-0.2643455512699718,-0.9317483312780853,-0.0947040160157211,-0.3898248115327939,-0.5139046811855209,110.91666666666669,71.95833333333333
2022-12-22,3.6456259518260374,-0.9186090314342427,-0.6830351041443868,0.2233726963879396,-0.7960790983207762,-1.0619025869049419,113.29166666666669,72.70833333333333
2022-12-23,5.348802885714204,-1.2075893630870322,-0.5428670833356694,0.413253144099555,-0.786635324912076,-0.4757760105388308,138.625,80.79166666666667
2022-12-24,3.852945721190795,-1.3084294330378705,-0.9497716517033477,-0.24118927414909355,-1.607893262474941,-0.18763938945197936,153.04166666666666,89.875
2022-12-25,-1.5395134060092828,0.44682607437495425,-1.5320297017024387,-0.7836037106817126,-0.6205543051463926,-0.9466133265484014,80.29166666666667,49.833333333333336
2022-12-26,-0.8920612384316553,1.0256444223792214,-1.0713359223198042,-0.3697128365373393,-0.6666436979349473,-0.9995994410093816,56.29166666666666,30.625
2022-12-27,-0.7770932273240706,1.0456740957413326,-1.0966682272269057,-0.3717081721459563,0.015023521871187303,-0.3776770250141966,63.125,36.333333333333336
2022-12-28,0.379091925867832,2.0911025150917197,-1.097243550071731,-0.21276992415608154,1.3674921498434685,-0.20348284124967295,65.58333333333333,39.0
2022-12-29,2.694979280979176,5.009565016073349,-0.9405946041381397,-0.5090019685959047,1.7965984202545244,-0.21446550368274764,77.75,55.875
2022-12-30,1.250745809558983,3.679925498913775,-0.8476920279634117,-0.29243649601091154,1.1175172555290065,-0.3563595373895655,78.91666666666667,58.66666666666666
2022-12-31,3.304952789103052,4.930137374530668,-0.7358204482763019,-0.41994799128323423,1.2207845924632432,-0.24368372958451284,77.625,55.91666666666666
2023-01-01,2.789270072974579,2.8960228624764066,-0.7790397885087823,-0.3199491721488162,0.8755160817389046,-0.2784192903632497,101.25,68.83333333333333
2023-01-02,1.5020883064642983,1.2036808681948914,-0.7872457276053287,-0.18130482059710173,0.1080169446026049,-0.11701344380711316,90.75,64.95833333333333
2023-01-03,2.829122768544257,0.2902111930656654,-0.6461260014802241,-0.5240276820384375,-0.565724774297416,0.16617538928393896,90.04166666666667,64.79166666666667
2023-01-04,2.779808006412359,0.015191864024135415,-0.607421118344471,-0.239259042399449,-0.5703709706872695,-0.13218702480387237,113.08333333333331,72.66666666666667
2023-01-05,3.6624540510471157,-0.5804866794466744,-0.5132062294122075,0.09556397948299433,-0.72404842983234,-0.5771477762315947,113.29166666666669,72.66666666666667
2023-01-06,2.840301195907075,-0.8186274504625288,-0.5154388069508374,0.04340587868246427,-0.9869248694795889,-0.56017799246082,142.20833333333334,81.83333333333333
2023-01-07,5.03941670201798,-1.0015292173065802,-0.6443662410767838,-0.055085912706694884,-1.001475221980106,0.8480371121339104,118.79166666666669,74.45833333333333
2023-01-08,7.001666270410989,-1.1077480455609858,-0.7757034897865338,-0.385924539470915,-1.7068252610671466,1.778314790773807,153.91666666666666,90.95833333333331
2023-01-09,1.4573073423243508,0.26154419441535587,-0.5019634686486191,0.39288097268289907,0.04867920043757255,-0.9462985191657254,115.95833333333331,73.58333333333333
2023-01-10,2.014515706811889,0.15961998991352241,-0.588288547075611,0.32596513734078314,0.29142862852499485,-0.8270020379761351,91.33333333333331,65.16666666666667
2023-01-11,2.5819861735024374,0.6510607105872381,-0.38131277937186264,0.671029308149468,0.3600881528753628,-1.2858836543817735,101.45833333333331,68.875
2023-01-12,2.382670313921369,1.6933904999145328,-0.21346961740029777,0.6407795503285022,0.13005721625227906,-1.5262943269749578,104.83333333333331,69.75
2023-01-13,1.162131967458981,2.747467099398581,-0.11413885658728251,0.4580302188313984,-0.38785991548016974,-1.6590690580690957,98.04166666666669,67.625
2023-01-14,-0.059971722920988874,2.215916671500174,-0.12120324006544632,0.396441690591519,-0.6457726928930649,-1.4868276770335196,80.08333333333333,60.125
2023-01-15,0.29348242524141194,2.4149454563130903,-0.24977244613795196,0.2024805295018915,-0.4226550071060405,-1.1238819456551126,77.29166666666667,59.04166666666666
2023-01-16,0.29071080388250736,1.829660542551637,-0.2116882808774744,0.3501683150551309,-0.3698442831320157,-1.0706791254756087,79.54166666666667,60.958333333333336
2023-01-17,0.6721458840562607,1.5544459208965655,-0.20984376462938098,0.39535082598205123,-0.8311371409592248,-1.41600561954065,82.79166666666667,61.875
2023-01-18,2.1594805074551586,0.6618305878111013,-0.4486489935924581,0.053130927031442864,-0.6469010372202894,-0.6730493595366068,95.75,66.66666666666667
2023-01-19,2.7127751192034872,0.452196595195621,-0.5063929751680811,-0.029043398747629984,-0.23507057286390454,-0.04892490040714011,108.91666666666669,71.16666666666667
2023-01-20,4.107535978845058,-0.5031216556783222,-0.3176592702422033,-0.14245364589894877,-1.4907194406057536,0.6708344204274279,123.70833333333331,76.0
2023-01-21,2.2441364771100853,-0.6737034574025487,-0.3576568543305826,0.23701475952912499,-0.9872183776804689,0.13892604185895377,119.0,74.54166666666667
2023-01-22,4.460421625918062,-0.47130304611554574,-0.4641772931639921,0.30007688859170323,-0.4961565482069068,-0.1973345731347938,126.33333333333331,76.70833333333333
2023-01-23,1.0773116135205456,-0.10710646870622607,-0.9917833330700245,-0.5603956043644495,-0.997042215920623,-0.38944847323835696,124.20833333333331,76.16666666666667
2023-01-24,-0.14898424793932025,0.10988060882350953,-0.3491830037679065,0.44530182528112555,-0.39289039149551214,-0.8845488030372398,80.375,60.91666666666666
2023-01-25,2.495271683919814,-0.05379855584949255,-0.3565539577899264,0.495831562655642,-0.8255085510768336,-0.3930967050284399,97.33333333333331,67.25
2023-01-26,2.8147640418613675,0.08343499233422283,-0.5756920446780391,0.29030804484280076,-0.4819377959986954,-0.25757327134783015,120.5,74.95833333333333
2023-01-27,0.15157910713017492,0.5357408837917252,-0.4665444756809541,0.4390800988115146,0.04955868672359002,-0.45689571657044736,101.04166666666669,68.41666666666667
2023-01-28,2.4383312363673686,-0.21106541815879162,-0.6802486264472148,0.20041716837638282,-0.5554219526162643,-0.16165996894924212,87.375,63.5
2023-01-29,3.1611382582020235,-0.45222341060053106,-0.6159042836304889,0.28251455946997445,-0.5037712272518239,0.13149352781943552,118.29166666666669,74.16666666666667
2023-01-30,2.336427904643674,-0.2560824134558622,-0.6671758593300988,0.1899015460665464,-0.221159790529465,0.41436421663324385,111.0,71.95833333333333
2023-01-31,1.8576055665515019,-0.5585503631041262,-1.4900282201030681,-0.3992388001691939,-0.09324460998408779,-0.4657250885178383,99.33333333333331,68.0
2023-02-01,1.3946742465699573,-0.8550366013411194,-1.0335632296996686,0.24946362111826406,0.20762250430724613,-0.4172391766183191,88.33333333333333,63.875
2023-02-02,2.414791988119213,-1.195814476349603,-0.8608758058356735,0.2159026427322321,-0.18117999814218913,-0.6952308060988545,93.54166666666669,65.91666666666667
2023-02-03,2.3337073378059126,-1.0272078533015627,-0.17342204317375828,0.7785532460669813,-0.50058768896001,-0.43338264294195494,118.95833333333331,74.5
2023-02-04,2.006294037467632,-0.01048586679851794,-0.32688026022523703,0.7595909355103808,-0.11900552412851581,-0.9565738539919337,103.83333333333331,69.625
2023-02-05,1.5760139668404154,0.9855878431705738,0.08593343244174059,1.05846872559173,0.05119063277603038,-1.3525586921901394,98.41666666666669,67.625
2023-02-06,1.8575954970439472,1.1187077371152798,0.12435065491177222,1.2455274736815691,-0.20624453471221188,-1.427264840367267,104.20833333333331,69.75
2023-02-07,1.3509702205126652,1.4315928051396798,-0.12040673987585822,0.7429129288261764,-0.08520242579458714,-0.6975021550225686,92.54166666666669,65.58333333333333
2023-02-08,0.9061251223908009,1.3099328831310664,-0.26305770242448023,0.48908318205216567,0.1304289647377472,-0.09259409223409751,84.375,62.458333333333336
2023-02-09,1.7649541077490274,2.6973675001061768,-0.23587340795901385,0.38292809925403737,0.6185826618208645,-0.14245281548917735,84.08333333333333,62.375
2023-02-10,3.062799246704657,3.933370621700794,0.05089399573221622,0.47589342462038725,0.677097619821219,-0.5093222193803176,94.375,66.33333333333333
2023-02-11,3.720129326044272,3.02579560541596,-0.0859289401001171,0.6707498962079322,0.5212453371510372,-1.0941224773322553,114.33333333333331,72.95833333333333
2023-02-12,4.279573921984381,3.5347905424234316,0.3918460575889444,0.7664411373968709,1.4827105228443775,-1.3854693568772403,127.91666666666669,77.375
2023-02-13,3.4376585486061058,3.1070448783093965,0.9352632379216995,0.22743904849860458,1.5413405802523819,-1.1732545230940763,131.08333333333334,78.33333333333333
2023-02-14,3.217723663406584,4.547562117882606,0.37878543295315265,0.3650060642149178,1.5649376832792112,-0.602158100555525,102.41666666666669,69.29166666666667
2023-02-15,3.7342084551593597,3.822977822338053,0.3200188755878049,0.8144923985378623,1.0308935329681397,-1.1206987726501607,105.58333333333331,68.29166666666667
2023-02-16,3.4783233314229616,1.7484147642767607,0.021105834040150897,0.5994298831848385,0.5526334467866488,-0.7817656665290068,126.20833333333331,76.79166666666667
2023-02-17,2.550699987464311,1.7774566130033829,0.27205327377548194,0.5095400248738067,0.8223681261198535,-0.600785275931491,124.5,76.16666666666667
2023-02-18,-0.41383457468734014,2.026472966257014,-0.3126534549655927,0.30831705619349953,0.5765071605832441,-0.13070990272353564,83.04166666666667,58.333333333333336
2023-02-19,-1.4507939687907394,1.878237382399289,0.2467670771588883,0.8122572625868352,-0.5766946928819909,-0.4778009052870139,64.5,37.833333333333336
2023-02-20,-0.9457982025431996,2.308602412568512,0.2691938823263268,0.9108536748577554,-0.7620287138350599,-0.8305065189225581,62.875,36.66666666666666
2023-02-21,-0.09153771616128223,2.7340097198787277,0.3585630753638193,0.6636082218345178,-1.0078145548187398,-0.39880357642540515,67.45833333333333,41.583333333333336
2023-02-22,1.4059269294506094,2.161465214744924,0.2585003284778818,0.6424740293569412,-0.1836726875979665,-0.3411260733127708,81.45833333333333,60.04166666666666
2023-02-23,0.5427966445430481,1.5337458698885456,0.1566255159892669,0.8319355737818793,0.5212899314053263,-0.4876161207735896,94.625,66.33333333333333
2023-02-24,-0.6624917402675534,1.7631415548159484,0.19421093910719267,1.0218758552750353,0.6438929079021009,-0.3468654724574527,78.66666666666667,58.54166666666666
2023-02-25,0.7448787647825625,3.493259675032263,0.03896683373204829,0.6290284155777804,1.0842723867742663,-0.04283322762305927,69.41666666666667,45.04166666666666
2023-02-26,1.397799603156619,2.5451739954214494,-0.02012536128004439,0.725836046354408,1.603861104263251,0.009204654269567798,82.04166666666667,61.04166666666666
2023-02-27,0.9716077910641442,1.9032693703613008,0.03657136225290323,1.0705852316709792,1.0568255338001649,-0.48747398860634195,83.54166666666667,62.16666666666666
2023-02-28,0.8768580471872921,0.01981231930883309,-0.14750859728579582,0.7548430884708055,-0.2541898673218402,0.05982193702673906,82.79166666666667,61.91666666666666
2023-03-01,0.8542216419736129,0.06881168777986023,-0.01766278227461743,1.0020502351175082,0.13363929811857544,-0.04847958921498576,92.33333333333331,65.5
2023-03-02,1.0348097687501063,0.6812633146819228,0.0921206681085654,1.2642873348108734,0.738660845849734,-0.6737314692297234,88.375,64.0
2023-03-03,1.131081737194413,0.7548956434864729,0.16918313004042546,1.1158190742110004,0.5287459445219456,-0.3407014251172371,87.66666666666667,63.79166666666666
2023-03-04,1.1603932623249167,0.7774150140410853,0.39473837078757973,1.2211830166901894,0.2788873689800646,-0.16346489030395867,92.79166666666669,65.54166666666667
2023-03-05,0.7410498992947507,0.8005169909420495,0.6754238718048665,1.1444230440262935,0.4477407794077729,-0.40307004040097066,88.79166666666667,64.375
2023-03-06,0.6451267397765081,1.2006706045615863,0.6188300052392876,1.2559503396364726,0.8948830731855603,-0.5892726818345245,91.375,65.20833333333333
2023-03-07,0.7635806373590686,1.339241851935147,0.33769943949289993,1.090864428453407,0.7222858873087382,-0.3590639506758393,83.625,62.083333333333336
2023-03-08,-0.1619444665485793,0.8593115524647165,0.2621066925090563,1.0350669594114312,-0.126130581386052,-0.07982080600313426,74.95833333333333,53.625
2023-03-09,-0.027420761660892797,0.4037233398559442,0.25188420128521366,0.9318747681827853,-0.6427148408618654,-0.26672544972576,69.16666666666667,43.958333333333336
2023-03-10,0.7163795723643034,0.24747128998805512,0.2571797273457579,0.9538953909739747,-0.9282327245057433,-0.39856926556829964,83.33333333333333,62.083333333333336
2023-03-11,0.8590508313228413,0.3197369868424373,0.4463924925369534,1.1436756393967658,-0.422942255943983,-0.04203681084716185,89.79166666666667,64.58333333333333
2023-03-12,0.5938655542334038,0.40894665377154726,0.05626683123945625,0.9655406551929946,0.04058336272425241,0.2628035901342986,88.58333333333333,64.04166666666667
2023-03-13,1.9042279870787988,0.8159575641290452,-0.029664772131117838,0.8669419737375923,0.5091026094332376,0.6590328370307893,86.79166666666667,63.458333333333336
2023-03-14,2.321906523407469,0.6907111241079181,-0.13944500371161034,0.5631678523349515,0.11792743720139699,1.2001040968993606,84.91666666666667,62.66666666666666
2023-03-15,2.9244089139408365,-0.11285949097772689,-0.6932997881663321,-0.19107713403836202,-0.7406283780783264,1.889631537494068,86.95833333333333,63.375
2023-03-16,-0.10420507143820927,0.44109814800755087,0.15168047558087308,0.9406448357319201,-0.23046502188010068,0.7235682354093051,86.625,63.375
2023-03-17,-0.1699558217931761,0.6740862864352374,0.06548902654336738,0.812204219802485,-0.08525484960278773,0.7807217660213219,75.20833333333333,55.208333333333336
2023-03-18,0.14444245887903293,0.9102825282123364,-0.5335646631097718,0.18839572726417095,0.09064197842743654,0.34524469208560304,71.29166666666667,48.29166666666666
2023-03-19,0.4547788815083677,1.9333040073191172,-0.6324676513248051,-0.3783390741282029,-0.7219879574649862,0.6515129717356937,70.41666666666667,46.5
2023-03-20,-0.07475888843515408,0.6487853096239035,-0.6885073110568627,-0.21018890134593507,-0.41304397485420014,0.8773727366495696,63.41666666666666,40.91666666666666
2023-03-21,0.0754191696214024,1.2806846369082168,-0.12994270152609144,0.5188256188725544,-0.0586078807971325,0.4701305784770358,62.875,37.583333333333336
2023-03-22,-0.6008531412804174,0.9986824028672201,0.09475926565343352,0.7369836404568555,-0.3780198196699528,0.45246182908239113,63.79166666666666,38.958333333333336
2023-03-23,-0.9761586684274961,0.7975859169890839,-0.19437335859787974,0.12911570446659526,-1.1601601686423286,1.149545764396148,61.125,34.458333333333336
2023-03-24,0.311608056353745,1.0918164855754922,0.1990686577887612,0.6719850438715699,-0.5471967051384741,0.395039751382316,63.0,41.5
2023-03-25,-1.3903159592062342,0.7399722376387446,-0.06783725856846735,0.4066524522655056,-1.029049574641517,0.6743898882282742,70.16666666666667,47.04166666666666
2023-03-26,-1.4165499337330099,0.7395571995808099,-0.24770276613750106,-0.03878849470056574,-1.3642944635723642,0.9454393145327892,58.5,32.083333333333336
2023-03-27,-0.8245448684763833,1.181084196775684,0.3613437602847181,0.44371523791978384,-1.296219888049676,0.8832225225452092,61.333333333333336,35.041666666666664
2023-03-28,-1.5307655025338642,0.7266672630564188,0.54404557164823,0.8578366603824754,-1.0781364071216077,0.5490788188448229,61.91666666666666,35.25
2023-03-29,-1.5770445445435857,0.44930461002348593,0.59579805047628,0.9146833741494422,-0.8833846078620936,0.17656403128981027,63.41666666666666,36.583333333333336
2023-03-30,-2.0969598878943114,0.5170150355448944,0.6940052102145146,1.0066854212230856,-1.0392426346460713,0.13243529846887078,60.54166666666666,33.875
2023-03-31,-1.657372450016086,0.772976348398742,0.6659800501807217,1.1492560878363836,-1.3242099769638211,0.28359579969252935,56.0,31.08333333333333
2023-04-01,-1.5661562585155822,0.3870260974429735,0.16503089199456206,0.582555039305278,-1.7560631964428577,0.8197164853837092,59.125,32.375
2023-04-02,-0.12912171655970575,0.4207567759098905,-0.18945947031825713,0.22672003993627673,-1.357872876019892,0.9837978411700603,59.29166666666666,35.166666666666664
2023-04-03,-0.7226741003378596,0.4790681263150458,0.07910849299380858,0.6717993162562185,-0.8116914708725748,0.690225253777961,70.83333333333333,47.208333333333336
2023-04-04,-2.057375225581807,0.7473150835429767,0.4220735739435665,0.969741954054025,-0.9959093182761828,0.49797915159085143,55.625,29.75
2023-04-05,-1.6105690780785613,0.539486925102524,0.29438684118930003,0.8808093354510758,-0.9824493401348934,0.6224509242098553,57.54166666666666,31.541666666666668
2023-04-06,-2.573086035264593,0.8203869660903638,0.522715171707415,1.1240931251916089,-0.8058346183401539,0.5131145294698901,51.29166666666666,26.625
2023-04-07,-2.6555450004598957,0.9596341001023742,0.6615255392951997,1.106698244908797,-0.7677437660251887,0.6084546857612181,49.375,23.75
2023-04-08,-2.4501675333536133,0.8062718013588217,0.8000847186768111,1.1072849828674853,-0.5374096584503696,0.16644131523453357,47.04166666666666,23.541666666666668
2023-04-09,-1.5609384769148462,0.9348604319937617,1.0147489380135553,1.3373197388294473,-0.694619546790188,-0.37276100977317556,56.79166666666666,30.45833333333333
2023-04-10,-0.7791018551059816,1.2922064965589315,1.1220981775821832,1.1079461073167454,-0.9468312263526919,-0.45494790488992626,72.375,50.083333333333336
2023-04-11,-0.4115615764455494,1.543092293167262,0.9877484524406184,1.2840435153531577,-0.39523990684600835,-0.6046969989378707,76.41666666666667,57.5
2023-04-12,-0.13021362604417455,2.3075124319540112,0.7668910007729175,0.9973411526643685,-0.2247559675481099,0.017453166536760416,81.45833333333333,61.583333333333336
2023-04-13,-0.001909380134229135,2.304063789601836,0.4625008335213411,0.9389411126125508,-0.2652318894916115,0.37308235479741125,80.125,60.66666666666666
2023-04-14,-0.17852205081759304,1.925948449736423,0.5623145556292072,1.1226830566835235,-0.5600547572923609,0.055853518298234435,71.41666666666667,48.41666666666666
2023-04-15,0.4509853269758991,1.6117438664888522,0.5214362093895242,1.0900019730589134,-0.6915876714202005,-0.3454248611508767,74.75,54.41666666666666
2023-04-16,1.5838423818522496,1.862622242368369,0.8119041231531267,1.2898230198366045,-0.05581038110273092,-0.630208179058216,90.25,63.41666666666666
2023-04-17,1.5124144588457948,1.0868284588770187,0.630463738604621,1.2991920618798465,0.0692694667598961,-0.5618965981781981,99.20833333333331,67.625
2023-04-18,0.4558659622785045,1.1806143908690134,0.5396435647432033,1.4940163512130409,-0.38113013755265124,-0.5592723774320972,91.16666666666669,65.08333333333333
2023-04-19,-0.2161717525756737,1.1312865728397585,0.35407175631471166,0.9805141831762598,-0.7283790667344628,0.3345136815418704,78.83333333333333,58.04166666666666
2023-04-20,0.8708409126247451,0.4180578893705598,0.19017648010001623,1.0789632987481244,-0.39558175286045255,0.222453260575083,71.79166666666667,50.5
2023-04-21,0.6597299517355344,0.24464375448908657,0.2748135950356348,1.2682580143794264,-0.5057990758729276,-0.014377363629381275,84.79166666666667,62.625
2023-04-22,0.23152578498165788,0.3461215372445499,0.06759279290682337,0.7295553461681666,-0.9995279655283491,0.8517124960504754,76.83333333333333,57.0
2023-04-23,0.3304823510110218,0.27055464234281185,-0.2824423112729224,0.2758301469484479,-1.0477591290662067,1.030889825419559,69.875,46.625
2023-04-24,-1.7459886323312548,0.38199321566814176,0.04762388665461438,0.7669800732558698,-0.53152558972402,0.5054877629881802,63.625,37.333333333333336
2023-04-25,-1.2375744707584582,0.3900509613812488,0.13655746052973194,0.6862456945270777,-1.198915642254784,0.6667472287763361,59.29166666666666,32.791666666666664
2023-04-26,0.7432304920986669,0.09236397216102274,0.021712762406383937,0.35862236327221836,-1.1916318701095159,0.8963420036827341,75.95833333333333,54.625
2023-04-27,0.3578766606072068,0.7068681666530071,0.4740348020878601,1.0483936936040383,-0.7817352876929765,0.409440012541632,88.125,64.0
2023-04-28,-1.5404360705855749,0.8101064020299182,0.41835939816873297,1.0652826841718306,-0.9846023366324168,0.44892092114229226,74.16666666666667,51.708333333333336
2023-04-29,-1.2609855108285772,0.8657164942707258,0.21627110022408447,0.8118370200350394,-0.823497944537077,0.6275258682150449,62.583333333333336,35.958333333333336
2023-04-30,-1.2279605507121036,0.9574633653665321,0.0995503146467818,0.7241226310528321,-0.4596232864468521,0.6123431865646808,63.208333333333336,36.458333333333336
2023-05-01,-2.0089176932967914,1.0425783822317483,-0.14979020577448243,0.3945372072709581,-0.6707566833048053,0.36104452181709945,55.833333333333336,29.416666666666668
2023-05-02,-2.594466464955351,1.1838719660206312,-0.7390624296348536,-0.18990429257776895,-0.43111568941115463,-0.14568867661728657,45.54166666666666,21.95833333333333
2023-05-03,-1.1929968035041758,2.4798799414233423,-0.8140240007278509,-0.5047080432675283,-0.4028054400916055,-0.15673469941497933,45.54166666666666,22.20833333333333
2023-05-04,-0.8791092074377311,2.273635583607191,-0.12095382651475307,0.3712564174740217,-0.1886214354071357,0.018057324717217004,54.833333333333336,30.666666666666668
2023-05-05,0.2084360780041008,2.2739379690743338,-0.7087625091247562,-0.7670903989797818,-1.0416920314363105,0.501613051633977,53.66666666666666,28.666666666666668
2023-05-06,4.483547947315503,4.789626927038003,0.5583605786110367,0.599974422587751,0.10111558788346933,0.04401563371977504,95.29166666666669,61.208333333333336
2023-05-07,5.0286146157210565,4.478474957381122,0.1052946898783972,-0.018253070561461346,-0.17819668097332061,-0.6519703324147876,122.625,75.70833333333333
2023-05-08,4.436874409667582,4.520055890187696,0.9037935374532561,1.435053791049243,0.5560629755689138,-1.262694128702861,151.0,83.58333333333333
2023-05-09,2.333458251957058,2.8856560422137894,0.8933613697085355,1.9022831056174334,0.6842418667760218,-1.0845696733463224,118.04166666666669,73.16666666666667
2023-05-10,2.304023321755225,2.777952510803492,0.30125925478935445,1.1083200903672035,0.3302835030757219,-0.8699037672789928,105.125,70.04166666666667
2023-05-11,4.592737800523887,2.693705992314946,0.31290034232132197,0.8609237920195378,-0.46778915249411995,-0.3613901076734759,111.875,70.08333333333333
2023-05-12,8.602946192330135,4.332960944880703,0.1948901724081979,0.13224483489543565,-0.8904113910850727,-0.32521220888674485,150.29166666666666,90.75
2023-05-13,4.999743689970408,3.7179136169038127,0.11072690930869775,0.1295133967178985,-0.04187742465247356,0.3871117948882946,154.75,92.29166666666669
2023-05-14,3.609362953150206,1.7846009915766372,0.05113019144939181,0.6355873163640976,-0.09856235139761288,-0.322333649725633,130.16666666666666,77.95833333333333
2023-05-15,3.554467491926304,2.2021474418865155,0.3193474252006549,0.9362310544552731,0.006287694840451122,-0.3381713137942231,136.25,78.125
2023-05-16,2.9100530673854315,2.086147977641495,0.49836123659891884,1.0914196599354256,-0.2218669543371235,-0.23685477680278427,126.25,73.95833333333333
2023-05-17,1.240106906535862,0.7344139830615909,0.2988719941056937,0.8387330587010365,-0.54327367760177,0.24873256204144234,100.95833333333331,68.41666666666667
2023-05-18,0.49296880534722126,0.20434921378642007,0.3472756708641487,0.8828725309060855,-1.075686709923346,0.3391849835764935,77.91666666666667,59.41666666666666
2023-05-19,0.7402471680052775,0.217291531458193,0.4575926500163294,1.0791023477081083,-1.1414485710504738,-0.03231953224739852,82.54166666666667,58.5
2023-05-20,1.1734042522926202,0.48198272687953764,0.39240303262277954,0.9410871975590732,-1.340181134809812,0.28257941351534904,86.91666666666667,62.708333333333336
2023-05-21,0.7341589180834368,0.30963683918504326,0.22732050150588587,0.6973129106106523,-1.1045040039865102,0.8665252260812302,78.5,57.458333333333336
2023-05-22,0.9340501587164817,0.5395293934487433,0.30099513711460596,0.42975409918690094,-1.476105951918741,0.7713778753728245,74.75,55.29166666666666
2023-05-23,0.6217216200384083,1.4666206350688944,0.3865309725270417,0.5664711029239664,-1.0447048975106235,0.580733047553045,76.04166666666667,55.708333333333336
2023-05-24,0.9563306059759511,1.5206342343581503,0.2875265131939339,0.503821110217477,-1.1452227257322847,0.622797468170648,78.375,56.0
2023-05-25,2.832582522062379,2.067052683539919,0.26217858527372734,0.542386215112146,-0.7440681756736124,0.6990661743316653,94.79166666666669,64.125
2023-05-26,3.5575657658855735,1.5001477899728701,0.38909035045266965,1.0439795015581743,-0.5795256891153885,-0.03822172670153609,109.29166666666669,70.375
2023-05-27,3.3776023984360934,1.3376687278303818,0.3404611235210752,1.0404726530556003,-0.9229291005804919,-0.36626881661552274,123.70833333333331,76.04166666666667
2023-05-28,3.4665444763657915,1.5694862583656286,0.5036338318694984,0.9285964249035198,-0.8615670036293805,-0.21997953181051286,122.91666666666669,74.875
2023-05-29,2.5255609322295394,0.9120182451851985,0.5358707015250869,1.07397360687485,-0.945059307426412,-0.06758778823157746,115.45833333333331,73.25
2023-05-30,0.8042942366364989,0.5746162638618807,0.6292431236255459,0.8968885276524827,-1.1514166248918456,0.1711572118842658,88.95833333333333,64.125
2023-05-31,2.7681826722989693,1.4209292832726126,0.6216042069405221,0.5176001099089604,-1.211457362881622,0.09827967050355182,93.5,65.79166666666667
2023-06-01,2.876660660272848,1.0900152962631728,0.37002620752169946,0.5645655766763192,-1.0483432054549484,0.7863990330417315,109.5,69.29166666666667
2023-06-02,4.020410331966865,1.1070156894552146,0.3638789446102809,0.6479729518065966,-0.7720329758683678,0.5316730105713571,107.375,70.41666666666667
2023-06-03,4.136665082439112,1.1523955659818255,0.31439073948072993,0.4507014900259083,-0.9526112445624975,0.46284922323334743,130.95833333333334,78.04166666666667
2023-06-04,4.536614054060422,1.2899630742900008,0.49080170949413393,0.6741387472695414,-0.9360948611860086,0.57528239850734,128.08333333333334,77.25
2023-06-05,4.253090181996623,2.101189711650248,0.37151879892426815,0.12975813351737026,-1.1162192807370581,0.6046607822772888,142.16666666666666,81.83333333333333
2023-06-06,2.617818745807428,0.9651923896517949,0.8209342852799303,0.7836824675479745,-0.9502856597967907,-0.43630710162457365,121.04166666666669,75.0
2023-06-07,3.2994222977703322,2.7698872248282904,0.5629041280984171,-0.6308102570453786,-1.7481918986760785,0.342906133812015,111.95833333333331,72.125
2023-06-08,1.6581335916222653,1.0927476047782492,0.5481373691072895,0.6671912236777476,-1.6848811424186778,0.24535999025697028,101.375,68.875
2023-06-09,1.3439821183072236,1.5208899849244653,0.5589677322249439,0.9081294677451888,-1.2920043788796098,0.22938882769705146,94.0,66.08333333333333
2023-06-10,0.6447124659703933,1.7958599112854472,0.606457506282049,1.0919728122204646,-0.8566730056024429,-0.16586868920987174,89.29166666666667,64.33333333333333
2023-06-11,0.5725225340398858,3.27351815534971,0.9255224596478527,1.1663987823551032,-0.6246629009921034,-0.5820298753526413,87.79166666666667,63.833333333333336
2023-06-12,0.5721298172566927,2.8358317328387033,1.146301648123593,0.8787807379346758,-0.7673945702222498,-0.5597604413268229,88.625,64.0
2023-06-13,0.7069386639013742,2.623242479498719,1.2386183317672614,0.623517851660351,-0.7903884388023927,-0.5092789296104712,82.25,61.79166666666666
2023-06-14,0.9689078517101575,1.9804039524866048,1.5253431024870747,0.1987113913142735,-0.3445581653707955,-0.35130959941791984,89.79166666666667,64.5
2023-06-15,0.8159977724852574,1.9398938565957558,1.2590750017584826,0.15932689914743517,-0.6433892596504079,-0.44471191789617476,97.25,67.25
2023-06-16,1.436773701048651,2.349530034320974,1.1042441994537555,0.7043011698165685,-0.5984992098830558,-0.5997175551929036,98.75,67.79166666666667
2023-06-17,0.6353889787115035,2.060249487614417,0.6422782390680516,-0.9607959910712767,-1.3971208606363308,-0.10911692507845709,96.95833333333331,67.20833333333333
2023-06-18,1.8561421240465057,2.649625578917566,0.4846233534140041,-1.7020656688951665,-2.043800000487002,0.6578059221811392,88.625,64.04166666666667
2023-06-19,1.526595731908141,1.4259798584108494,0.2217202790031033,-2.089429168899034,-1.9692963610488123,1.8731592294870967,83.125,61.958333333333336
2023-06-20,2.2273057514068126,1.6759534015102224,0.11387567653772093,-1.2112766967548634,-1.7283953819281137,1.5808804772514364,78.375,58.5
2023-06-21,3.7295080089067527,2.717626523105173,0.6280986327157959,-1.200461469755304,-1.6373963152006958,1.020633848464113,101.54166666666669,68.75
2023-06-22,3.750856643343389,3.522282677715056,0.46002688050444784,-0.7203102512239998,-0.9734714966987443,-0.11120329563404435,124.54166666666669,76.20833333333333
2023-06-23,2.4516961508393953,2.991605414866363,0.42083859704555193,-0.3887759286514457,-0.7258716708841522,-0.23779745869074076,110.95833333333331,71.95833333333333
2023-06-24,1.871446847237474,4.126670713957437,0.5716583806502591,-0.23459503187494296,-0.09221017081289362,0.21021795893632245,98.125,67.58333333333333
2023-06-25,2.125037366703541,4.811738299058741,0.8863123312161835,-0.6159222341726315,0.24407103571341401,0.09595175349024443,96.83333333333331,67.125
2023-06-26,1.1817151729135553,3.3049474889950092,1.0971362123740647,0.08421506041678645,-0.276514559047185,-0.08647479643483923,87.41666666666667,63.708333333333336
2023-06-27,0.6221620325860017,2.140190333795789,0.9189778577509577,-0.5219091764279972,-0.33483915402788866,-0.284281792592577,87.33333333333333,63.54166666666666
2023-06-28,-1.7833496912472957,0.04877080942148911,0.3889871560100681,1.2682360760306113,0.31790279220625034,-0.24411669758365334,71.54166666666667,53.333333333333336
2023-06-29,-1.2197493143576947,0.04496646588222814,0.49147444823180264,1.4583971638264888,0.5489535942543387,-0.08611868010097314,65.25,41.083333333333336
2023-06-30,-1.7116242003216449,-0.020744165687833074,0.8602862225921661,0.9730456314515383,0.3839231813746553,-0.260340634048059,61.29166666666666,41.41666666666666
2023-07-01,-1.3425533688474807,0.07627212116461982,0.868530267910457,-0.32137013432403994,0.28187662855683976,-0.3139420331966353,56.833333333333336,36.583333333333336
2023-07-02,-0.5225684513555169,0.20147690878993232,1.242812114714383,-2.7181665664333803,-0.5169149603158486,-0.27327940477610196,60.75,34.208333333333336
2023-07-03,-1.5162995194084015,0.5637982291316305,-0.66984551210408,-1.5101420473277392,-0.6303594467396995,-0.1431699900565866,59.25,32.708333333333336
2023-07-04,-1.8004777730502042,0.785765026208505,-0.5812772770417234,-0.14064052933360738,-0.11672471180743836,-0.0413964902173204,51.16666666666666,31.33333333333333
2023-07-05,-2.2170705547410448,0.6656892936798274,-0.5306622686044149,0.2351877456867072,0.04168150690601215,-0.06291961738963041,45.79166666666666,28.70833333333333
2023-07-06,-2.131630698370585,0.8454315058175434,-0.8094902703550898,-0.1800775709511258,0.06485681168193262,-0.28355022947355174,46.79166666666666,27.83333333333333
2023-07-07,-1.3255841075321286,0.7649490963626269,-0.532680016132626,-0.022644436118705116,0.09062926459028034,0.08574268020074281,49.083333333333336,31.416666666666668
2023-07-08,-1.4679821326613576,0.841047660918276,-0.4738000289312121,0.18770742704140223,0.3170774478142551,0.006803140700611959,58.333333333333336,36.833333333333336
2023-07-09,-1.5477456950836985,0.5101926044198754,0.6926567814772663,0.7050261247908932,0.6843258033081385,0.04317709938557593,60.16666666666666,38.958333333333336
2023-07-10,-0.40282252948466385,0.7990432986026027,0.8016032272154165,-1.780282189941322,-0.049688577856457104,-0.3230137386867816,61.333333333333336,34.583333333333336
2023-07-11,0.1168983243785977,0.3744640401886538,-0.3358324140979221,-2.7553391349259373,-0.5038369596320083,0.004682136287632378,63.333333333333336,36.66666666666666
2023-07-12,0.2795479865374881,0.5421467455045014,1.4503526703703797,-1.9725281824290843,0.20125759869437168,-0.29402295865802824,69.125,45.208333333333336
2023-07-13,-0.08322886642133327,-0.047509988171620644,1.1950072454549658,-0.9679867592855624,0.0662009150709743,-0.4138563063216266,73.79166666666667,52.75
2023-07-14,-1.3759626345075193,0.20973473392690242,0.47404254894893394,1.1634937829404135,0.36754970894205036,-0.2078833358757306,67.95833333333333,45.66666666666666
2023-07-15,-1.5038485363789589,0.4718011214798502,0.36973145245798233,0.7723722436951083,0.4824474717060579,0.018613427721554953,59.25,39.0
2023-07-16,-0.793948575153793,0.3403163939007866,0.8391570170545878,-0.39392595419329324,0.28541096572266267,-0.04761416027036685,60.833333333333336,37.333333333333336
2023-07-17,-0.5869409388795159,0.22880596013836837,1.1809599089544793,-0.5800624833459634,0.43389070473445374,-0.043556184605904914,63.625,41.5
2023-07-18,-0.3963157262017191,0.9718996512255359,0.014580767785316084,-1.8523949899439334,0.04461379998887172,0.10412845352356015,65.875,39.04166666666666
2023-07-19,-2.0158952218548856,0.5203069709689663,0.725134554664163,-0.9201647799134183,-0.21835118317372723,0.3053952469818196,54.25,30.08333333333333
2023-07-20,-2.018399277467491,-0.18986032190970983,0.8948400422782542,-1.7038988163154865,-0.5865962486209634,0.06347386703189535,42.16666666666666,25.25
2023-07-21,-1.7371226361480936,-0.14881004845872253,2.0695986093505394,-2.590127520455428,-0.24258281018952635,-0.37960660071051117,43.958333333333336,26.0
2023-07-22,-1.8202540659444528,0.7743153536968814,0.7277734374529535,-1.9772078627385241,-0.43917230585260986,-0.25309072294187596,52.75,28.20833333333333
2023-07-23,-2.002609514748444,0.9740696032984498,-1.0970410605671268,-1.3795541129263997,-0.5229489897443114,-0.3346077479321639,49.16666666666666,25.291666666666668
2023-07-24,-1.8805132030730356,1.135824375456345,-1.3682684093221222,-1.2953853015383112,-0.4592573353450652,-0.15311786998098978,47.54166666666666,23.5
2023-07-25,-2.165277011147045,1.2753376678418145,-1.6689620702102714,-1.6418378725209841,-0.5683982337046902,-0.19622005354142338,47.333333333333336,22.70833333333333
2023-07-26,-2.5301089022852383,0.9743482781569168,-1.5702553300524298,-1.2193740621673834,-0.635279843142081,-0.26077300477280413,38.91666666666666,20.041666666666668
2023-07-27,-2.698971846887466,0.752402578299126,0.7106145494040889,0.6482688684314017,0.1678292241063269,0.2385642072747179,38.708333333333336,23.791666666666668
2023-07-28,-2.114059225758995,0.5256912195889638,1.7576327758540269,-0.22384558771919458,0.11236265416412149,0.3484238562377957,43.958333333333336,27.041666666666668
2023-07-29,-2.168879345288114,0.5403583224172169,1.6996637305612308,-0.3924020066553491,0.05266732793433586,0.4147778585421093,50.708333333333336,28.125
2023-07-30,-2.103928638405828,0.14173632075103398,1.1606470133704605,-0.5581375124831596,-0.019317309186838435,0.10659994649983931,45.16666666666666,26.791666666666668
2023-07-31,-1.1811051969213069,0.09716651593663296,1.5580444812700054,-1.2022740795756266,0.12892459519145555,0.2297758189198541,53.0,33.083333333333336
2023-08-01,-1.6986628825497463,0.2434681253473592,1.3135788846267267,-1.4001382660897257,-0.1293101681471005,0.13834719274231289,53.875,29.33333333333333
2023-08-02,-1.6752524614570998,0.07646854186740171,1.8679532389511164,-1.1739161868334909,-0.0998190189338565,0.2382005741860537,50.54166666666666,28.5
2023-08-03,-1.3892424616117145,-0.3254440155421044,1.7491983975436045,-0.8468384065766824,-0.2382091004505089,0.2910481385453715,54.25,32.083333333333336
2023-08-04,-1.2672896087982177,-0.3110904855524328,1.5264364224876823,-0.40336380144816325,-0.06473068228866224,0.08574499594343118,59.0,35.083333333333336
2023-08-05,-1.194613595048108,-0.4692921415700355,1.8733463163545045,-0.17753921346984275,0.11151131965845508,-0.0332145371793181,60.04166666666666,38.875
2023-08-06,-0.8410970119953681,-0.5304988889312391,2.2532640890329896,-0.21592812787749116,0.240424680952321,-0.31290800825498827,64.16666666666667,40.54166666666666
2023-08-07,-0.652878595442053,-1.0101182989083444,2.749655614809233,-0.9141304390108574,-0.08343287921698914,-0.7032067151175756,68.5,45.0
2023-08-08,-0.3328599677571308,-1.054900574104209,2.6147369588946976,-0.9938746048625676,-0.43167185915814477,-0.647802948469667,72.58333333333333,51.29166666666666
2023-08-09,0.2973704855232261,-1.4199304154599348,2.945419340343461,-0.9723014387471106,-0.05041601497683721,-0.5208053713466393,75.625,57.25
2023-08-10,0.9134044827180072,-1.2930186325173372,3.5283758820379014,-1.7797316388765825,0.09844760927350031,-0.6427285688231679,86.29166666666667,62.29166666666666
2023-08-11,1.1605250915264351,-1.325957518828958,3.8075428520846444,-2.6388059240043598,0.2407801617655971,-0.8462696004327621,89.16666666666667,63.0
2023-08-12,0.5760763421729472,-0.8427944415652049,2.754766085746393,-0.904109361250931,0.2562267502396248,-0.11953559473903057,88.33333333333333,62.66666666666666
2023-08-13,0.6443962812461431,-0.8957018330863584,2.8516396100140846,-1.2305034935980406,0.42967521387087154,-0.4875912501055712,88.875,62.29166666666666
2023-08-14,1.6276473495444002,-1.062796719710888,3.2385860802522575,-1.1091517175365713,0.2380401389290465,-0.883628856051254,92.58333333333331,64.375
2023-08-15,1.5163390795765097,-1.3404265013596546,2.530088129810795,-1.05593759073562,-0.22326447839998204,-0.637760383007699,98.20833333333331,66.79166666666667
2023-08-16,0.6457982588850323,-1.2717803225102136,3.1900548420910244,-0.9734724949355297,0.12684543553070932,-0.6515655892138115,94.5,64.16666666666667
2023-08-17,0.15940451868176025,-0.9069590227539502,2.588855303373002,-0.6526792496452465,0.13781318768982748,-0.3982267882475813,83.375,61.708333333333336
2023-08-18,-0.5296257075793228,-0.2114793831681684,2.165784911369544,-1.8589345943678843,-0.0008382791098288726,-0.26886548317692743,74.875,54.125
2023-08-19,-0.4791958030149987,0.06334408722965076,1.9705531560118366,-1.6673801806383495,0.09559680457355177,-0.00054403798489739,65.125,39.75
2023-08-20,-1.2293645060625455,-0.1015920414793228,1.6321597362532738,-0.3967923703640705,0.3564322849342597,-0.003908068285511317,62.875,42.083333333333336
2023-08-21,0.0007141793393216615,-1.1534632014043662,2.0138994565030615,-0.01709880496391573,0.18228696301951225,-0.38926903153333436,74.125,47.333333333333336
2023-08-22,-0.48549710732817614,-0.967445714943543,1.4525836107159198,0.209270859824615,-0.105780277490554,-0.22602066039088783,75.83333333333333,52.833333333333336
2023-08-23,-0.2357009894282532,-0.910138393045568,1.7389732511578175,0.5777333162571289,-0.08697610939833428,-0.3988497425865194,74.79166666666667,49.708333333333336
2023-08-24,-0.11429858721087013,-1.1771794013374643,1.8075919074703741,0.14547328685268363,-0.26565004502309286,-0.8105032441670244,78.91666666666667,57.833333333333336
2023-08-25,-0.5571702220571929,-0.879256022899678,1.2095817319825823,0.011176647524656528,-0.25190260334675457,-0.757024917873565,73.54166666666667,53.75
2023-08-26,-0.5197630805852311,-0.8045141448664335,1.9667331473099778,-0.24286045466036513,-0.6231305769036285,0.017643041665291875,70.66666666666667,48.04166666666666
2023-08-27,-1.1477787025367152,0.3200172834411811,0.18400936963476416,-0.10581526047578513,-0.08751999075140762,-0.5688752009976451,63.54166666666666,42.333333333333336
2023-08-28,0.2079090808151555,-0.05615787843644318,-0.23365806239437206,-0.8963346233691744,-0.33147389567973423,-0.9582531597057873,69.54166666666667,46.708333333333336
2023-08-29,-0.4283667712840969,-0.3064879285610311,0.6169902387219176,0.18419134570199036,-0.042547535611679906,-0.49830443774773797,79.45833333333333,58.41666666666666
2023-08-30,0.637968336205953,-0.3549536691731852,1.5815674516566516,0.8770862375522327,0.8624227793950643,-0.44496530621303837,98.20833333333331,57.04166666666666
2023-08-31,0.22989245723579424,-0.508586534685429,1.0869934359337314,0.7602263571438463,0.24683825316445468,0.05959566736989711,91.33333333333331,60.583333333333336
2023-09-01,0.018792668112543556,-0.8002007226376915,0.6529374520351362,1.219192388431732,0.05860709042437517,0.06542388508024362,86.29166666666667,59.875
2023-09-02,0.1211980181376346,-0.5160077279647056,0.4316907433504954,1.227208521608545,-0.07677804965042304,0.307038565942734,82.91666666666667,54.875
2023-09-03,-0.16376800762161817,-0.521229627639852,-0.019405092525092205,0.020833627628470717,-0.24633642233934935,-0.15937337480613178,75.41666666666667,53.583333333333336
2023-09-04,-0.50686416671873,-0.016593985825526562,-0.3893252312251426,-1.529041895786712,-1.0107163225741969,0.04771554807489804,70.29166666666667,46.04166666666666
2023-09-05,-0.8601926185928626,0.25546843410141634,0.07117019787115467,-0.7510822607932073,-0.5355620980376817,0.49027541999416846,62.333333333333336,37.708333333333336
2023-09-06,-1.0265540529087485,0.11796707512645928,-0.09668783525556197,0.5656334845162211,0.13766438586754462,0.37047751616722285,63.958333333333336,42.333333333333336
2023-09-07,-1.6163671553731356,0.09036929958530854,0.09020438260438368,1.0022178470379137,0.28732478729409366,-0.14743215080559127,61.583333333333336,40.0
2023-09-08,-1.5247075696967587,0.1433430194817919,0.3944472534334494,0.8384512447939866,0.2478384630087688,-0.038283362549799964,58.79166666666666,39.04166666666666
2023-09-09,-1.7389831316339353,-0.06961606505230467,0.692792951389153,1.1002178191679963,0.3218877034427618,-0.07592278465688677,59.41666666666666,39.458333333333336
2023-09-10,-1.136489380735842,-0.08537613211763151,0.6385027094600922,-0.20721178151869,0.24939098810594956,-0.2067053933879449,56.958333333333336,38.125
2023-09-11,-1.0161857207968832,0.005483757485574683,0.36316022435801737,0.12376023394313167,0.14484628194535812,0.11984324193296395,61.375,39.875
2023-09-12,-1.3338718775080514,-0.12271912136349512,0.520077554412996,0.1721017497737309,0.29553693920268853,-0.1327660677161335,59.75,40.5
2023-09-13,-1.0969873551811822,0.17301194752017524,0.4894494860883749,0.5324820054506618,0.27348994321279596,-0.2979700039483863,58.375,39.0
2023-09-14,-1.0804774281409115,-0.16002441975702747,0.8284299282033306,0.30880259289785345,0.19313262688136307,-0.23244019982322442,65.0,42.875
2023-09-15,-1.6469174954880328,-0.03940875293658833,0.5564963046737431,0.9896109997859975,0.2065058040209553,-0.12855418334238944,60.54166666666666,40.083333333333336
2023-09-16,-1.380228323468905,0.3359820162005703,0.057403361306738385,0.7752954934008026,0.005477594926254702,0.020469534637256624,57.54166666666666,37.625
2023-09-17,-0.9305620500678351,0.2940444242960537,0.4785488185998299,1.129800928558368,0.3336930421552548,-0.04736889738444552,65.375,42.458333333333336
2023-09-18,-0.9241797476026264,0.07010720648278954,0.39128584630732544,0.8188495980190917,0.4006749372061456,-0.13553860932984696,70.375,44.79166666666666
2023-09-19,-0.9214313621775574,0.0035087475862830447,0.24684348145313237,0.41841604288226675,0.7192014743333021,-0.18494335701436926,71.45833333333333,45.29166666666666
2023-09-20,-0.18391728425287507,0.16748597564155907,0.608834840993647,0.5353692551356017,0.9944291650429238,-0.28551159689642674,74.0,45.875
2023-09-21,-0.37964338781855783,-0.13641320430957582,0.5529666535259696,0.47297205607263854,0.30931140537448654,-0.3116826587685481,77.375,51.66666666666666
2023-09-22,-0.8288031472143589,-0.3110186243493221,0.331232224007059,1.148298757232807,0.04672802061521862,-0.421761233567923,75.125,47.375
2023-09-23,-1.164076155037845,-0.21481229336346677,0.3184912291365893,0.8188111960405571,-0.43908610210198407,0.16244179633737624,63.41666666666666,41.91666666666666
2023-09-24,-1.022259628047437,-0.15794838504964528,0.5391279558145681,0.7133377984750132,0.4432515127109308,-0.2507095159925196,64.25,41.958333333333336
2023-09-25,-0.9969259515324872,0.12429782624936403,0.6792230016826907,0.6728888149396972,0.6097951110363325,-0.2540880148505403,68.79166666666667,42.16666666666666
2023-09-26,-0.6043936815144115,-0.13768137017338525,1.1049555269951306,0.24021970380689486,0.29748436777111925,-0.20876077195199108,69.58333333333333,43.083333333333336
2023-09-27,-0.017525050465111616,0.011330686877614309,1.0398288987630149,0.7684091169618084,0.6495561736976501,-0.3173163763630169,91.04166666666669,52.79166666666666
2023-09-28,-0.4898814999071029,0.18676594928567652,0.4804865390333318,0.6371563975246918,0.5266550380774117,-0.3005991581216058,76.75,49.625
2023-09-29,-1.6388411225549677,0.32734576811932126,0.264154861216197,0.8120097453277039,0.38307999981568935,-0.16106044567235184,66.41666666666667,42.91666666666666
2023-09-30,-1.3245098586267015,0.4517147531603506,0.2839333674011103,1.053289135915886,0.29012122162645027,0.014092539410634325,62.458333333333336,40.208333333333336
2023-10-01,-1.8834939898531184,0.4105800791983097,-0.013349271530605649,0.8365298557375123,0.06162961549562349,-0.11190598469979857,55.5,36.875
2023-10-02,-1.3638924765551805,0.044665741068728865,-0.08958540690759206,0.5243313213903035,-0.287164694398683,0.3625783004428732,55.458333333333336,36.083333333333336
2023-10-03,-0.07875069039029327,-0.5144969335000392,-0.025647720107276256,0.4410781336589438,-0.23323196537745972,0.5345735100537616,75.79166666666667,44.333333333333336
2023-10-04,0.9138796818890328,0.0059113374407519705,0.495014322263856,0.08666717268379585,-0.4691730694348672,0.9951013257589264,74.08333333333333,47.625
2023-10-05,2.436622440427893,-0.8194631301716641,0.6204189827067744,0.03270143861647258,-0.847789449148189,0.953470068148885,99.25,65.79166666666667
2023-10-06,2.241670697648405,-1.094304952759752,0.49421005038624694,0.2778550246396619,-0.8807344087537812,0.9034389077371359,101.25,65.58333333333333
2023-10-07,1.7544370290426483,-0.8948989084848068,0.5048166078335614,0.48697704266353786,-0.7895161664030219,0.6295357683800634,98.625,66.91666666666667
2023-10-08,0.31930685415593246,-0.5375773912853067,0.20777385421516437,0.42556567678762486,-0.8859268112976432,0.6726532218020079,84.95833333333333,62.5
2023-10-09,-0.5497108432461397,0.20846999254292248,-0.016987336323199168,0.2853166626016612,-0.9390233189937954,1.0043899543544703,64.54166666666667,41.125
2023-10-10,0.736976413283105,-0.35153313382113516,-0.0903908137435498,0.39087085067725763,-1.0176986464418682,0.9147551990350049,72.66666666666667,49.125
2023-10-11,1.7259262238721507,-0.7408970327569999,0.19813897941245628,0.9779257898391539,-0.47138426761019697,-0.33659920493195616,104.5,63.125
2023-10-12,-0.7655864018427163,-0.5843588574070954,0.4986356581022113,0.31731753784360245,-0.8893969420012051,-0.2761241498052878,90.375,64.16666666666667
2023-10-13,0.5185573731298146,-1.3359366694451231,1.8848972994543916,-1.3771155687086205,-1.2664855812820506,0.1992101788408819,75.20833333333333,53.0
2023-10-14,0.9245224118624081,-0.608143949052338,0.32986384323201895,-0.3218357311321974,-1.2333600768474628,1.0149075504625222,85.25,62.79166666666666
2023-10-15,-0.12365380025053196,0.36267178824114626,-0.5567033903160321,-0.6505426029355762,-1.1708668385789398,1.1966798428403647,80.125,58.708333333333336
2023-10-16,-0.9850596311417501,0.3555555381861873,-0.9337440152003311,-0.725566105320894,-0.6071110387209361,1.0251157757428206,57.625,31.20833333333333
2023-10-17,0.4107643578372773,-0.9062920960389373,0.9280430146513992,-0.5006567124698671,-0.9800077588978984,0.3905216401170695,63.25,39.41666666666666
2023-10-18,1.842487844023322,-1.7924307774621278,1.9955615484202796,-1.0827457706784749,-1.0252206936462827,0.08183979524671026,94.75,66.41666666666667
2023-10-19,1.505834617789794,-1.345629135289278,1.6454075871050953,-0.9018356223097588,-0.745633656601975,0.23521496747993334,107.91666666666669,71.0
2023-10-20,1.1154187752967006,-1.2789653198386939,1.333781506619245,-0.561195370946634,-1.053596568160519,0.028892926576467342,94.70833333333331,66.375
2023-10-21,1.4272122429932617,-1.9027585535990839,-0.09099053016928707,0.02593907449738374,-0.9818631391019406,0.20784696790551202,99.75,68.20833333333333
2023-10-22,2.5745380183078512,-2.0573490711700324,0.39310612841512144,0.22385994801393938,-0.5614077803689835,-0.4608735424414802,95.95833333333331,66.83333333333333
2023-10-23,4.418349248536422,-1.4496841154527906,1.213403349026589,0.8061966059012269,0.4373686573155804,-1.228588959078507,142.0,77.91666666666667
2023-10-24,3.686611891933348,-1.4066197427568015,0.9753563991234506,0.7592575695744243,0.33700829357357454,-1.573765252200097,151.375,77.79166666666667
2023-10-25,2.951079321597969,-1.1938814532669437,0.8482770136756523,0.8302714848569321,0.24251630776072508,-1.7999619949342092,140.66666666666666,74.83333333333333
2023-10-26,3.3876869636044313,-1.2149572739769758,0.2963979653221175,0.6362272072122082,-0.2534924738437266,-1.2888411821207768,134.95833333333334,77.125
2023-10-27,0.19451694471557976,-0.8955370099151566,-0.352603100166685,0.44823183999853233,-0.33073729078504,0.12457952171263571,108.125,70.75
2023-10-28,-1.8708170321837299,-0.3663295687963735,-0.4022392297403387,0.4255339604701011,-0.20900018011299046,0.2732510798423872,62.54166666666666,37.625
2023-10-29,-0.6843752606210852,-0.9347909434999286,-0.7027450565833219,0.011096456312660269,-0.49536189181656515,0.20476262432083625,55.66666666666666,33.083333333333336
2023-10-30,2.4472436709776124,-1.8816926191813121,-0.8927187711571016,-0.7180331645710529,-1.8377743717557051,1.1693634581930756,80.33333333333333,56.75
2023-10-31,0.5370278281155602,-1.6531324611295017,-0.34259247700662954,0.1844540006597964,-0.7336147332952614,0.3016095696615601,96.5,67.0
2023-11-01,-1.780658629650292,-0.8466158902108412,-1.4981080386639802,-0.6060466744262317,-0.32941333444779536,-0.317390237730493,65.0,40.79166666666666
2023-11-02,-2.9908299829130938,-0.20407217896338453,-1.4962310382740716,-0.726113002809421,-0.36706893096204385,-0.38442291725819167,31.0,21.625
2023-11-03,-3.4450291202579755,-0.037601967560986486,-0.8386286839104573,-0.0534920660062926,-0.43055981421575634,-0.3035190104293455,24.33333333333333,19.75
2023-11-04,-3.117895594835609,-0.11178125251585913,-2.0029843260489177,-1.4562149995686222,-0.9968955642935747,-0.5860268578545653,24.20833333333333,17.291666666666668
2023-11-05,-2.574053944393522,0.6965633045429351,-1.222718021244142,-0.5924006408752314,-0.21758432856965945,-0.23357679738200116,26.5,20.58333333333333
2023-11-06,-2.7968581590534374,0.7143106884684411,-0.915403053970823,-0.3434372585973036,-0.37084226947379656,0.08547392062508995,30.791666666666668,17.208333333333332
2023-11-07,-3.2759079928212076,0.05367849266963944,-1.0492056859740413,-0.3814552631257314,-0.5902107837135263,-0.10628828795487553,24.08333333333333,17.458333333333332
2023-11-08,-2.11272637727857,-0.3417095467224109,-1.069816272067727,-0.34988712273734024,-0.6395642399741537,0.15935888316219296,31.875,23.666666666666668
2023-11-09,-1.1320320924513667,-0.8516830474892396,-1.0952843872425309,-0.4052702454456622,-1.1199220478431726,0.40975999638425475,53.5,28.041666666666668
2023-11-10,2.9282697691462256,-1.93060681396029,-0.14822589545803763,0.3516860822712231,-1.2895078105314741,-0.28613429499970044,87.20833333333333,57.333333333333336
2023-11-11,2.48524480138015,-1.8682848941083292,0.241693071697847,0.2915950084691691,-0.3225537272363533,-0.5229181350746726,128.58333333333334,77.58333333333333
2023-11-12,4.249757753999486,-2.5091481650759766,0.7101190781418292,0.023673379104508268,-0.9487487249479761,-0.559021019995587,130.125,77.95833333333333
2023-11-13,4.638669006243863,-2.8135969660480757,0.417835703684198,-0.01989734692849171,-1.4919429319969821,-0.02674685216292106,152.66666666666666,88.29166666666667
2023-11-14,0.14306945451764255,-1.6503640027055024,-2.0331571530186734,-1.3011191257572094,-0.6499197110359135,-0.9972941261374463,107.08333333333331,70.08333333333333
2023-11-15,-0.4817692855635511,-1.4665208427465313,-2.0633198184423267,-0.9549670429542004,-0.3277960130479927,-0.9918858717176527,69.70833333333333,46.5
2023-11-16,0.9394185536497363,-1.3448590193261323,-1.0584254306252776,0.10995794898083099,-0.2628235311191913,-0.3776559434331702,73.33333333333333,50.29166666666666
2023-11-17,-1.1398517880166352,-0.8404242661025804,-0.7682809319311749,0.43581417366597763,0.16525592789622345,-0.5050371585411604,79.79166666666667,56.5
2023-11-18,-2.2015262203299075,-0.7637507883066369,-1.0811238247100923,0.006224428019748469,-0.056997793199356585,-0.6337197130311488,49.41666666666666,31.0
2023-11-19,-2.312689666132739,-0.6785990570995131,-0.6013901628932605,0.5039581380437415,-0.08555926995296899,-0.514745509335018,47.04166666666666,29.5
2023-11-20,-2.511017883433039,-0.6679254859943968,-2.3412351033334824,-1.5527331188115634,-0.709388923906311,-1.066011097543564,47.375,25.83333333333333
2023-11-21,-2.9966003048333545,0.059852539515529816,-1.9362756126866292,-1.3669605296174376,-0.8749542996411844,-0.6958385953030641,27.541666666666668,17.75
2023-11-22,-2.5563167084228144,-0.17842757258204153,-1.4886548775143464,-0.7007039483091676,-0.35875482168577755,-0.501245426983311,29.875,23.791666666666668
2023-11-23,-2.224480887316184,0.005178806822716614,-1.957489895439931,-1.24424813860685,-0.2647511857620248,-0.48268543483983234,35.541666666666664,23.625
2023-11-24,-2.7601697278910864,-0.1431265394676146,-1.3038440441203356,-0.46305713631548945,-0.09541093469718374,-0.3149129460896666,30.33333333333333,23.45833333333333
2023-11-25,-0.4896764231384074,-1.2970233555895607,-1.0951368242757793,-0.2768474487855126,-0.925304493616652,-0.2528090338862279,46.41666666666666,33.458333333333336
2023-11-26,-0.5757402846630572,-1.2480797852784145,-0.8871226001771688,-0.05089068375146828,-0.7144451305534628,-0.19316120508654924,78.70833333333333,58.708333333333336
2023-11-27,-1.561661003601837,-0.6567295638357339,-0.8907598965938425,-0.03683286450115199,-0.553419694621476,-0.34045717788374813,62.583333333333336,36.125
2023-11-28,-1.811344006752538,-0.7053566730474817,-1.1346293208414313,-0.3525481524302687,-0.5761286231329911,-0.48549941705876243,60.875,34.291666666666664
2023-11-29,-2.845262223725363,-0.3598679048205706,-1.5466231775944794,-0.6886198090709807,-0.24261942832097405,-0.5250835774373617,38.583333333333336,25.125
2023-11-30,-2.4512989502583187,-0.5140536228372001,-1.5386703939926203,-0.6348728170166492,-0.2356551041612659,-0.5265827202065587,32.75,25.916666666666668
2023-12-01,-1.5602896362022411,-0.9912801950507449,-0.9417627982929331,0.026209102399200705,-0.535576221568961,-0.28837359693285297,42.875,29.25
2023-12-02,-1.7173024501118141,-1.110826883362797,-1.7116601603752546,-0.8115265600986132,-0.7436500496047822,-0.7071473549344052,62.75,36.16666666666666
2023-12-03,-2.5156542286445136,-0.8789517648318045,-2.136527530694459,-1.3637847381263568,-1.0451448114214867,-0.9530343171354407,45.833333333333336,23.20833333333333
2023-12-04,-2.335844574367919,-0.4228753991437677,-2.7756074030489253,-2.110245713915453,-0.7134029065240062,-0.9295178472219564,41.29166666666666,22.291666666666668
2023-12-05,-0.6228626854237168,0.17448860394444146,-2.0217626157721496,-1.1911222106717925,0.23262721681214835,-0.5040579981186306,39.04166666666666,32.083333333333336
2023-12-06,0.02553870010301957,-0.3880899313909692,-1.0178089590025161,-0.011684739706284211,0.0984303390130184,0.1096290185594324,64.79166666666667,43.958333333333336
2023-12-07,-1.0169338199134752,-0.2897758568780104,-1.3760734351680157,-0.5068266028786015,-0.07528558486379015,-0.09454288352759069,55.54166666666666,37.625
2023-12-08,-1.630131095141784,-0.42447690011358324,-1.2515491581030802,-0.4629077954552584,-0.30901449366276684,0.24581176316636355,48.54166666666666,27.041666666666668
2023-12-09,-0.8061313865865156,-0.9557487229910259,-1.0341744495327856,-0.1673263217232446,-0.7443319746966847,0.1545662658794177,55.66666666666666,32.541666666666664
2023-12-10,-0.5716764080189755,-1.0245316233607311,-0.8523972301137573,0.1651690918419839,-0.457115511992769,0.00793628750102408,67.70833333333333,41.54166666666666
2023-12-11,0.07134481964574536,-1.2821213490898493,-1.0927695775706023,-0.0667477940749397,-0.5467526525268006,0.04554121650704039,71.16666666666667,47.66666666666666
2023-12-12,1.250120915985605,-1.546603787147454,-1.0338991912078053,0.07759350806464316,-0.7545677549989138,-0.2611888550061785,83.29166666666667,61.29166666666666
2023-12-13,1.9699543429697899,-1.8163163938025486,-0.8999323905047978,-0.006220922595880904,-1.0101021703621402,-0.0068171432965607286,97.375,67.41666666666667
2023-12-14,1.4648539258565973,-1.861808136165146,-0.8354269617822857,0.15832588756559504,-0.7695690876815179,-0.3636658223247372,97.08333333333331,67.29166666666667
2023-12-15,1.6115451324345547,-1.9690879060769144,-1.5868516067381295,-0.5453987512085819,-1.125307066823234,-0.3200740628167286,95.66666666666669,66.91666666666667
2023-12-16,1.3790708108907646,-1.9651370074481695,-1.0786258282075505,0.05470467692440297,-0.9003254665962781,-0.4336065882640581,93.79166666666669,66.0
2023-12-17,1.2000695884127661,-1.9477650059982585,-0.5370280485073918,0.7104501485822117,-0.4279655869662156,-1.1160942683748323,93.04166666666669,65.70833333333333
2023-12-18,1.615662939652655,-2.07380923874206,-0.5138852909950598,0.5641215674932897,-0.934115629372664,-0.6223542641418667,100.625,68.5
2023-12-19,1.4663975254473418,-2.055599854224371,-0.6168226935292961,0.43017524364637516,-1.0494915507080376,-0.7619592500301182,106.70833333333331,70.41666666666667
2023-12-20,2.777929019064025,-2.318388330924845,-0.5243577034010606,0.6253533453304633,-0.9794783481805726,-0.7056153746800725,106.04166666666669,70.33333333333333
2023-12-21,4.153125511565962,-2.2821073985144844,-0.45784920730741246,0.7049446288608827,-1.052868990909314,-0.5021134246067324,133.29166666666666,79.04166666666667
2023-12-22,3.643423245465159,-1.8533879816708303,-0.6552449990260107,0.5211791147630432,-0.6005025826856438,-0.6427067828147932,138.16666666666666,80.66666666666667
2023-12-23,2.2313848393377094,-1.6621350916935267,-0.581583587346363,0.5185140415582074,-0.14808001148822367,-0.7682891374304156,123.20833333333331,75.75
2023-12-24,0.42269458595153436,-1.6182056600952148,-1.4298243531438715,-0.44855304685009234,-0.6170059179742469,-0.6319992480686492,95.08333333333331,66.54166666666667
2023-12-25,-1.3116098888913827,-1.0743751865423026,-0.8957403949373779,0.2105129090064032,-0.27711155761771034,-0.3728596106297935,68.25,44.0
2023-12-26,-1.681149453672213,-0.7894597655789279,-0.8789694138075169,0.0625006503553674,-0.4236734676663312,-0.5131125218090629,61.16666666666666,34.375
2023-12-27,-1.1865049379979267,-1.0760355793229237,-0.633080197455718,0.31427126620333407,-0.2800881805396402,-0.5280455662930831,63.16666666666666,36.5
2023-12-28,-1.014975909680045,-1.1185641424834998,-0.8280924817253796,0.13089502968464606,-0.403832123066221,-0.37396498469065087,65.875,38.875
2023-12-29,-1.0744670965628536,-1.0773721184611955,-1.1595274139355751,-0.3733926528187001,-0.48668967135626406,-0.3973090680877836,63.25,36.458333333333336
2023-12-30,0.8018763564981314,-1.4104994209527377,-0.552302801125167,0.4074869142881059,-0.3128345588741207,-0.6249886687289288,76.54166666666667,52.833333333333336
2023-12-31,1.815191961062341,-1.510420003245784,-0.4738300512060046,0.32931783255937075,-0.5280259440861635,-0.5521599211711993,100.875,68.625
2024-01-01,3.4695058839028743,-2.027700111778218,-0.487257666280376,0.20602632952811611,-1.0576223570604362,-0.22746356557892533,129.66666666666666,77.83333333333333
2024-01-02,2.4883619887073296,-1.7970318149675746,-0.6827800897849529,0.30418530117505455,-0.4061559556698838,-0.42090691481635545,118.375,74.29166666666667
2024-01-03,1.2124189497964684,-1.6695661151812808,-0.6078570024468568,0.04890399555598557,-0.8857953701847359,-0.2477458314766231,109.20833333333331,71.29166666666667
2024-01-04,0.7539473252905666,-1.6433326418524472,-0.8912625713646559,-0.2631153362079111,-1.1715092749725298,0.05484322588603429,84.33333333333333,62.54166666666666
2024-01-05,0.3685268740197344,-1.307448496016294,-1.4643253367564493,-0.7962112467081548,-0.8483577418305126,-0.3542636316003057,86.95833333333333,63.458333333333336
2024-01-06,-0.6200017670028175,-1.4931241535890827,-1.102760297852869,-0.39275343136289337,-1.2050387439341186,-0.4506348243038291,74.29166666666667,53.458333333333336
2024-01-07,-1.152711426066913,-1.2101014697623371,-1.9393024275837534,-1.097043154978752,-1.0443586003407626,-0.9399034148051404,66.16666666666667,39.875
2024-01-08,-0.4011584242349996,-1.3107916167026803,-2.0918160032989572,-1.222803970321864,-0.9382042056130575,-0.8518519231350706,62.833333333333336,36.16666666666666
2024-01-09,1.070154580264679,-1.5492081663104653,-0.6590933003752577,0.4716071175281948,-0.5235612831730726,-0.3535556109408289,86.66666666666667,62.375
2024-01-10,0.6716631056077609,-1.1971763904834987,-0.7270633843566274,0.2200743623720679,-0.2995819792579461,-0.31134153238244433,93.5,66.08333333333333
2024-01-11,0.8127095272575865,-1.0458220406322212,-0.38108214890243747,0.5292775267696568,-0.23304254218858453,-0.14679881637390724,94.45833333333331,66.33333333333333
2024-01-12,3.512067717339137,-1.5964187229403404,-0.4687324521817648,0.595484547798535,-0.693097546538566,0.10509902226058798,110.41666666666669,71.75
2024-01-13,6.270463577290555,-1.9485108543347018,-0.5845145615150226,0.5525206003539465,-0.945288696011035,0.9662989552990824,145.91666666666666,84.16666666666667
2024-01-14,6.250493711672689,-1.247802018785571,-0.5746896597976938,0.4687359579383957,-0.6917507076511004,1.0008629439858492,156.0,93.625
2024-01-15,4.237059604866052,-1.084574066866914,-0.561783721460113,0.5941270138268452,-0.3064375183809171,0.31299760835668566,152.29166666666666,88.29166666666667
2024-01-16,0.4915996393371619,-0.2009374034405775,-0.6496968765227057,0.4705675874600311,0.3915460714558087,-0.2859522519739234,112.5,72.20833333333333
2024-01-17,-0.8148200735122749,0.3728366201563912,-0.5756357599331355,0.38193226907472394,0.4300179661397451,-0.1924794020470751,67.625,44.16666666666666
2024-01-18,-1.9054929771456997,-0.07048918456013878,-0.5480433839223505,0.38634081370349715,-0.057575255879223027,-0.19987017054803435,55.833333333333336,31.58333333333333
2024-01-19,-1.1752153656461755,-0.5217558929515003,-0.7834305144898389,-0.11332730211860337,-0.9484612163035001,0.5306087663749707,55.0,29.125
2024-01-20,-1.2987145236426294,-0.41273122807913715,-0.6300941332428204,0.20422608019472382,-0.42536753932173427,0.32491610039883284,63.79166666666666,36.875
2024-01-21,-1.662294430652392,-0.2612027577713656,-0.6531028610563432,0.20433850547092472,-0.21382039451605894,0.21623786323031702,56.0,31.041666666666668
2024-01-22,-0.8464975243862977,0.053957124053229125,-0.6011377478485816,0.25476573999684216,0.011415709147687728,0.2058688895567922,58.04166666666666,32.666666666666664
2024-01-23,0.16351684229143038,-0.4263619390275239,-0.6950631224161242,-0.04460005773447209,-0.2134930930956637,0.21094128924516337,69.08333333333333,45.04166666666666
2024-01-24,-0.030762967517266142,-0.6317150468194848,-0.4717585610733111,0.2796791111045425,-0.17649024755962336,0.00477341946888558,77.95833333333333,59.66666666666666
2024-01-25,-0.024020297171297063,-0.5713537487897443,-0.676713941641754,0.15811346658964714,-0.24651720138456476,0.1795604358234529,79.625,60.625
2024-01-26,-0.08678917514352684,-0.49876151076378544,-0.7422456575981798,0.054190520097648916,-0.2905890995587311,0.2798122693370357,77.5,59.208333333333336
2024-01-27,-0.5088458100865481,-1.008721567407978,-0.4668837146246039,0.2817288084138806,-0.46657367222303125,0.14437022675393757,75.75,55.75
2024-01-28,1.280977138704473,-1.4505097894854397,-0.4661332689936443,0.39637083842187504,-0.2562955739391537,-0.00019456900818691576,81.29166666666667,59.41666666666666
2024-01-29,1.3906287161398616,-1.5612366511160554,0.6129661723791764,0.4637322945861396,0.6345109185050188,-0.9981109189837566,102.75,69.20833333333333
2024-01-30,-0.47227938349533727,-1.0733013566001937,0.10622141184809444,0.10073086740072415,-0.00029835521608835314,-0.4627368460604475,85.625,62.583333333333336
2024-01-31,-1.4872330961620406,-0.5950216351695206,-0.42311477170385203,-0.11522473149688076,-0.361078672357081,-0.08545521129392801,63.875,37.79166666666666
2024-02-01,-1.645446406429739,-0.3168421719877676,-0.7026229629207857,-0.28333987685900747,-0.5793252432636439,0.4958645956039765,53.833333333333336,28.166666666666668
2024-02-02,-1.6861569132449254,-0.16098918229846015,-0.592881457756928,0.06984090435320738,-0.3188553935654652,0.6887460389403698,51.333333333333336,26.75
2024-02-03,-1.168632116504,-0.6004150445508132,-0.2185121583982667,0.30515695017629013,-0.8359703631523886,0.3289500690680745,58.625,32.25
2024-02-04,-1.9394297813836965,-0.3560632271745877,-0.20869035025064653,0.3659946317236179,-0.6592950851865688,0.324215040563757,64.70833333333333,38.04166666666666
2024-02-05,-1.7529189043964997,-0.4950841072482868,0.0026997497191181097,0.49231466673200036,-0.7684443453376403,0.0678111557841719,51.875,28.20833333333333
2024-02-06,0.648194989468327,-0.8948479658685783,1.540305557788617,-0.509455775809054,-0.48159576149466155,-0.6700314190904803,84.0,58.29166666666666
2024-02-07,-0.28154344533989517,-0.5743200347026923,3.387839100683469,-2.0134711586979113,0.812599899733198,-1.079380792536133,89.33333333333333,64.54166666666667
2024-02-08,-0.3382592411452229,-0.2698038744027498,3.430218659760653,-2.4865420059226455,0.9209495299914101,-0.8415328238027745,72.41666666666667,54.083333333333336
2024-02-09,-0.8663743155627938,-1.0494805837800116,2.6007185264135093,-1.6626021939767093,-0.16506279793186268,-0.2836192919539496,68.20833333333333,46.583333333333336
2024-02-10,1.8248594119987847,-1.7254772794220865,1.0678563930072587,-0.117081957740895,-0.9258990552915367,-0.07589300065475359,84.79166666666667,59.0
2024-02-11,1.0100778583934358,-1.8471056444219374,1.8165675369846008,-0.15151330034250082,-0.0008579684171949153,-0.9675371604929762,114.125,72.95833333333333
2024-02-12,-1.4136567384642806,-0.8952908199720879,0.10524188646998904,0.8889560744580183,0.12917140762516005,-0.7404342618674323,76.58333333333333,51.875
2024-02-13,-1.2820321808342463,-0.8405296060446242,-0.28442329258513843,0.47690075276460625,-0.04821003695131763,-0.3098999190428346,64.58333333333333,37.66666666666666
2024-02-14,-1.1987340431027182,-0.9906506310765785,0.6192814523327128,0.6016356312323111,0.3485457276194027,-0.4571194012444964,63.708333333333336,37.333333333333336
2024-02-15,-0.39408357781465736,-1.1055964023329727,0.48964427834254254,0.6066185374009361,0.014732370302394202,-0.6261813649552489,74.29166666666667,52.875
2024-02-16,-1.5083391154096262,-0.7749889172191546,0.1705594504547613,1.0088819278260084,0.22710560613722705,-0.40535523298304393,70.79166666666667,47.625
2024-02-17,-1.3985388057952222,-0.6180153041795949,0.05380739236170492,0.8823739578722847,0.2565343071806806,-0.41707200099757796,62.833333333333336,36.875
2024-02-18,-1.0713299038580075,-0.2964163681443954,0.6206073769514943,0.5474045908069874,0.3618753147241692,-0.4680245930414507,71.125,47.958333333333336
2024-02-19,-0.97299898033196,-0.7365208808400462,0.9665219909624161,0.17666660071616075,-0.008131280665930857,-0.5078322698607638,69.20833333333333,44.208333333333336
2024-02-20,-0.3638908351521157,-0.8308884128544134,0.3915526025399449,0.5865935570695254,-0.1444921375140457,-0.31685712543600486,78.0,58.41666666666666
2024-02-21,-0.5961075672650138,-0.8986611321032935,0.1623051266308478,0.8540551105772396,-0.28553541190498066,-0.0776200104522617,77.70833333333333,58.75
2024-02-22,-0.6678112268466856,-1.0430285077625956,0.0871563373936204,0.7387621181218366,-0.93166115680445,0.632550144809456,73.375,51.875
2024-02-23,0.13677160322066648,-1.408123403912892,-0.202533150421739,0.3953978753818032,-1.2614605995363863,1.001405910279416,70.95833333333333,48.083333333333336
2024-02-24,-0.7928822616621863,-1.0915886775271615,0.15755317660563983,0.8221308353236892,-1.107706424011784,0.5825145670138546,76.04166666666667,56.708333333333336
2024-02-25,-1.2163020213462912,-0.947611627889673,0.32000624681449535,0.8792955611979846,-0.9855159228883931,0.3448363457620966,68.45833333333333,42.75
2024-02-26,-1.6296877223436252,-0.8072109177294229,0.1274133777326546,1.087878952226159,-0.7352527287323881,-0.13391614222372425,70.45833333333333,46.66666666666666
2024-02-27,-1.782926889649507,-0.7279863102448841,0.12077648005179704,1.1396888440530857,-0.36146206279264764,-0.0994049890202378,65.58333333333333,38.91666666666666
2024-02-28,-1.3937085696417926,-0.6880805873592638,0.49233598787212984,1.2834693852059502,-0.1515016202682825,-0.42818588337372737,71.25,48.208333333333336
2024-02-29,-1.045689540751019,-0.6531233025833099,0.5081472370595514,1.2774090528884443,-0.07918737927656389,-0.16740266332774464,74.75,54.333333333333336
2024-03-01,-0.6160964030430518,-0.6757064877668371,0.6963807424988299,1.1304329629151828,-0.44425545015775925,0.007781530390449888,79.875,60.5
2024-03-02,0.6836102966120092,-0.7051465885129611,0.7554589321882635,0.6711024217977624,-0.6417425985063032,-0.438510173296634,95.41666666666669,66.625
2024-03-03,0.24382036839466242,-1.5784732592222601,3.472220120859808,-0.6645602333420045,0.19003168577871923,-1.2619349121682526,101.75,68.875
2024-03-04,-0.49814003196710904,-1.0935444749870533,2.300373601391906,-0.05719654093519616,-0.0025103357158190597,-0.7065466510093596,88.58333333333333,64.125
2024-03-05,-0.8648005937916886,-0.7038169739778953,1.153155263133991,0.818015218187144,-0.27112173103568066,-0.12055686401172507,78.70833333333333,59.625
2024-03-06,-1.1687630916133613,-0.5761150325231783,0.8709601103996848,0.7157069310600668,-0.40730292594640877,0.22705239057554216,68.91666666666667,43.75
2024-03-07,-1.3024549141790922,-0.73961818418047,0.8240022007845559,0.7115308481068652,-0.7072703263310985,0.25890780729581914,68.79166666666667,43.25
2024-03-08,-0.30139120398579583,-1.091407130660588,0.8371195647294769,0.5914192884138622,-1.191605222407632,0.17454397192632448,78.41666666666667,56.75
2024-03-09,-0.7153899007527847,-0.951230811591905,0.5822185610941318,0.9498553302095629,-0.9236196857481216,0.6015015330918604,81.41666666666667,61.083333333333336
2024-03-10,-0.5735376711513436,-1.0684298940399155,0.7809055172335093,0.941831905114981,-1.146074945226683,0.4297910235727529,73.83333333333333,52.833333333333336
2024-03-11,0.27204466210193956,-1.4363109488390366,1.1158503995581845,0.6251942933512424,-0.8033773705579184,0.3484282287828155,88.875,64.16666666666667
2024-03-12,-0.18727704768313547,-1.3753010688898784,1.4912754056553752,0.12354849187719846,-0.4299267995998875,0.2500350832677551,75.75,55.375
2024-03-13,0.25718522853261294,-1.5604891031928123,1.4646537063413425,0.5234234777831572,-0.7237136592149017,-0.03246304773804232,75.29166666666667,54.875
2024-03-14,-0.12819163145982104,-1.5593474125203617,1.371144891743117,0.4553436957438454,-0.6696139628323099,0.20510248588561522,82.0,61.333333333333336
2024-03-15,-0.9087949871603755,-1.1773720532093264,0.7377386188527256,0.5011714543845622,-0.911749582658054,0.4541286851114002,71.29166666666667,48.04166666666666
2024-03-16,-2.0417848482548973,-0.7401385874670191,0.3176803603679519,0.9519496832157748,-0.7701576453773649,0.4583293463447944,60.708333333333336,34.0
2024-03-17,-2.632843785913539,-0.5086552983664027,0.5017994010058682,0.8866145122556669,-0.8052472808916341,0.5260707510421633,52.708333333333336,26.83333333333333
2024-03-18,-1.6984129761174533,-0.65522339578363,0.7034279771399368,0.8074224504288277,-0.6103817831666847,0.2824019566460217,49.875,27.75
2024-03-19,0.06474651520119529,-1.297186208731308,1.881881686834476,0.24031389049273152,-1.040792937868913,-0.38297013087494575,81.20833333333333,56.625
2024-03-20,-1.0514803282074725,-1.015779496586279,1.0294802354602186,0.8659576690222004,-0.7696493156451705,-0.26367840940464693,91.375,65.08333333333333
2024-03-21,-1.5927810835376606,-0.8463749920518693,0.5472509327211151,1.0081376729110176,-0.8274468135054788,0.20709055104820423,70.29166666666667,46.16666666666666
2024-03-22,-1.0104258849632393,-0.54690067576906,0.5371842070259669,1.159960887629607,-0.6419602408207163,0.10442409149110242,74.125,53.333333333333336
2024-03-23,-1.1461911762790182,-0.4190710602833209,0.5321119452702512,1.346381861646981,-0.2005493037893532,0.15499094399453478,76.45833333333333,57.5
2024-03-24,-1.183615472087405,-0.4509404718271758,0.4710134380317256,1.1318490702912318,-0.15350717097915617,0.34106648505448267,72.0,49.375
2024-03-25,-1.6182053174915625,-0.3255935966439277,0.6391102238142851,0.9054032012641345,-0.13293771423760312,0.4716635309924137,67.375,41.708333333333336
2024-03-26,-2.2086332354963245,-0.026714012248453368,0.8459860230545735,1.196034844189718,0.20820549035359803,0.3649325331800811,58.04166666666666,31.625
2024-03-27,-2.18144146616343,0.020504964863466202,0.6253686129027536,1.3812722067931196,-0.0739528455757043,0.3787882668864701,56.125,29.666666666666668
2024-03-28,-1.878092099721055,-0.07971807453603585,0.6877040700082223,1.2099040438554836,-0.26904124217905945,0.3945642869061272,62.208333333333336,35.5
2024-03-29,-1.8047477936742102,-0.37453546423780604,0.9307195003265814,1.006646829559341,-0.195657844554829,0.43050549417676554,62.0,35.208333333333336
2024-03-30,-2.341642663388532,-0.1800396417285365,0.703601965156658,1.3211037604071656,0.058165631045677506,0.11687356016366267,62.0,35.333333333333336
2024-03-31,-3.051247514451941,0.03360519995655052,0.5620665600242405,1.3899886470095681,-0.05791794733895344,0.09967585610396348,51.04166666666666,26.0
2024-04-01,-3.0690763707172266,0.15951365301826648,0.5088635874434319,1.4170656675371207,-0.1497218227778534,0.1401474659674927,49.0,24.20833333333333
2024-04-02,-2.922135066766489,0.055143620018000425,0.5689991329705655,1.4194891140700088,-0.471255343821722,0.15918000898664209,52.16666666666666,26.0
2024-04-03,-3.041941653606825,-0.057772008097555054,0.454424761981157,1.3007220879129586,-0.6727472583969379,0.2312780367586773,55.79166666666666,29.416666666666668
2024-04-04,-3.4337598693597955,0.11887588945495821,0.5950414267509069,1.473218521068354,-0.3769832479353557,0.2691962804244884,44.833333333333336,23.375
2024-04-05,-3.1282116000206472,0.030840644089330772,0.5568282029832454,1.1093558317575785,-0.5333168768381726,0.5333851477459188,37.375,21.5
2024-04-06,-1.830526435062819,-0.5351547681738101,0.6671399064372835,0.597880549274061,-0.7830668321380171,0.9502468837690506,40.875,26.75
2024-04-07,-2.2105659629124563,-0.3027038179226353,1.0195953697327775,1.1314876172106816,-0.5675890123513122,0.1598939781894085,59.04166666666666,32.416666666666664
2024-04-08,-2.2561040876192493,-0.42407971660769744,0.6803972963543413,1.1904906445503483,-0.8395426228207806,0.27988755827976813,60.708333333333336,34.208333333333336
2024-04-09,-0.5999712419739599,-1.1861291142995658,1.6548980690994848,0.28100868237796406,-1.4172554403462665,0.16856682816569546,72.0,48.708333333333336
2024-04-10,0.021655471574239332,-0.9783810980054394,1.5208438079923354,0.8435661477412192,-1.105604669079089,-0.04925544377381504,93.41666666666669,66.08333333333333
2024-04-11,-0.6995168629029308,-0.4974643698377563,1.0244716951654549,1.1811370493306717,-0.4904316656979651,0.19715656897314193,93.83333333333331,66.08333333333333
2024-04-12,-1.9248284856254372,-0.745417437031446,0.5975881999968797,1.2807340281965067,-0.2869296220970897,0.3422043135968427,67.75,43.25
2024-04-13,-1.2350135892062741,-0.7684766231447827,0.49876862815971656,1.1518076884302175,-0.43722053186518134,0.5771531403482646,60.66666666666666,34.041666666666664
2024-04-14,-0.03094275667383085,-0.7313312779132212,0.6534996800683409,1.2202447754022125,-0.612704023989127,-0.084731176391364,81.70833333333333,58.0
2024-04-15,-1.690360954194413,-0.0941138089089453,0.5392467931692965,1.3244992315935655,-0.09153150892263226,0.23484697511034,78.54166666666667,54.75
2024-04-16,-1.52745093969111,0.08283301262478615,0.6147078826191802,1.4027006938668178,0.0068371848253833516,0.24695063154404964,63.25,37.5
2024-04-17,-1.4050455886238373,-0.5778237702118473,0.5275068327404671,1.0221367576730935,-1.0214076165583241,0.6886391293080381,67.83333333333333,41.625
2024-04-18,-1.0298155901047545,-0.894653131269251,0.6177400704027055,1.1908363556651345,-1.0324004722141693,0.8355560466336026,65.875,42.16666666666666
2024-04-19,-1.62408603924997,-0.8007413749165764,0.4817373274670064,1.3432229935214515,-0.6180007861144836,0.4225071697686761,62.25,37.833333333333336
2024-04-20,-1.5186494581272707,-0.8826761031865791,0.4504851755044983,1.355413023458183,-0.2946533814046841,-0.11403641500730745,58.75,38.083333333333336
2024-04-21,-2.5049904153217555,-0.6422829822907424,0.5667311811099714,1.2038451616217487,-0.33804348483852303,-0.2758195521471289,56.41666666666666,32.541666666666664
2024-04-22,-2.6046439474772187,-0.5308859111344302,1.523350117215878,0.8849848106126883,-0.3105420190386286,-0.24692961929124277,51.833333333333336,28.375
2024-04-23,-2.753774981415016,-0.3741848809982598,1.1201962563916295,0.9849096457243185,-0.44389535426246063,0.10445239848937672,52.25,27.666666666666668
2024-04-24,-2.6468693714019653,-0.28066984488389807,0.7412780719960614,1.029160206195075,-0.5580118255315588,0.5367216782884413,44.208333333333336,25.875
2024-04-25,-2.697527709807797,-0.4764120151369376,1.0760219450954245,0.42985547997200574,-0.9167531671814494,0.9712040837912153,36.79166666666666,21.08333333333333
2024-04-26,-2.6942671182960654,-0.41302408751089525,1.4523191018849002,0.1832820201481245,-0.6500776883297736,0.44821461286287195,37.04166666666666,21.625
2024-04-27,-2.559986217606523,-0.37087056479274577,0.9805814680973934,0.8434296595041582,-0.5733737014796542,0.36997936240926216,46.708333333333336,25.5
2024-04-28,-3.175596871206467,-0.03934624387433885,0.5363264570677667,1.3114090015740687,-0.43972825179785413,0.44612130338069533,43.083333333333336,23.375
2024-04-29,-3.5105031497356647,0.00652486957541526,0.49890213726308613,1.267098103037683,-0.784399112424059,0.4592574185614,40.29166666666666,20.166666666666668
2024-04-30,-3.4132368537496935,-0.024883790450996857,0.4464150551552969,1.2355175878958964,-0.8391058505742571,0.2542134941584413,38.79166666666666,20.20833333333333
2024-05-01,-2.5594073711412264,-0.3587367079049007,0.3059039824619252,1.3204696238902671,-0.3854791083150837,-0.009802239957759544,47.125,32.875
2024-05-02,-1.9243282143173164,-0.7853914531172101,0.3103954548053313,1.3595958932677394,-0.43681089439620663,0.23638040985701797,47.04166666666666,33.041666666666664
2024-05-03,-1.1283061918706316,-0.9281633363296904,0.5378369929705951,1.3661451515224807,-0.8572255469822962,0.41963201692382823,60.875,37.083333333333336
2024-05-04,-1.469973341008589,-0.8759011678128836,0.4589628804954319,1.2901645034073108,-0.8229381717926726,0.6747713225572249,66.04166666666667,39.75
2024-05-05,-1.0222848571653689,-1.1370531918624849,0.32704330130259485,0.955626515561229,-0.9408767448778231,0.6789837438444586,59.16666666666666,35.833333333333336
2024-05-06,-0.6501120917072897,-1.311737349200248,0.6411742297804579,1.1296835259036822,-0.7800297657740075,0.01768607094310288,65.58333333333333,43.91666666666666
2024-05-07,-1.044776679845461,-1.3170387670037114,0.13083355060011634,0.5852668313619365,-0.9587911221046562,0.024996240834621992,70.25,46.29166666666666
2024-05-08,-1.8933689365297985,-0.2927129430375795,0.2641670161106779,0.9572586826951428,-0.5138942504253877,0.1313642594148306,57.208333333333336,37.208333333333336
2024-05-09,-3.1104030188177116,-0.38570917868101573,-0.04080387192593951,0.6689719990202644,-1.0346248650123946,0.1526371282189691,38.875,21.75
2024-05-10,-3.348732691581979,-0.2850945030669966,0.2853495472220849,1.0679283113304494,-0.9630897967122577,0.27844841371812684,39.79166666666666,20.08333333333333
2024-05-11,-3.7565436159861636,-0.01750241387076888,0.3089778265398099,1.1891656211397834,-0.5293388305885534,-0.048968509745222835,32.25,20.70833333333333
2024-05-12,-3.7626526582066218,0.02864700404601731,0.3051304736138756,1.102744001262893,-0.6672398581059683,0.08020734355469443,25.0,17.916666666666668
2024-05-13,-2.9978923963839157,-0.11435415279536067,0.47848031504431743,0.8966758625323501,-1.0015069005441315,0.38336741580310363,34.208333333333336,19.625
2024-05-14,-2.33362301473924,-0.4263331313772732,0.9328742686965488,0.5457875210876415,-1.2791398963865233,0.6742847664962085,53.375,27.375
2024-05-15,-2.5594618445990687,-0.4475839380114571,-0.31163860454660924,-0.23716517123089406,-1.211007029567037,0.38552732056625627,50.29166666666666,25.08333333333333
2024-05-16,-3.4997049906355255,0.03593681151918385,-0.5180379581434998,0.17641920768489724,-0.8788893894707475,-0.17225974613153908,32.083333333333336,17.541666666666668
2024-05-17,-3.0388977280556646,0.5049741957048568,-1.3453222144674346,-0.8434028066492493,-0.9203091900286706,-0.41843177984275465,26.875,17.083333333333332
2024-05-18,-3.429583164864103,0.06313026527081621,-0.7856771383262615,-0.03684414441618188,-0.5421269463860059,-0.33375908801152254,25.20833333333333,19.916666666666668
2024-05-19,-2.563434778308848,0.3073459537822633,0.4316742017840273,1.4846052656807376,0.2341203484301659,-0.049975786232718776,32.208333333333336,29.125
2024-05-20,-3.3935857055347056,0.23327892538213352,-0.28612678471400343,0.4738368225887842,-0.3951429796552237,0.05939970918612433,35.291666666666664,18.5
2024-05-21,-3.0582983316632584,0.7377997966837235,-0.4098226867760946,0.26194873439138644,-0.2613622061417385,-0.03809839741628417,28.416666666666668,18.0
2024-05-22,-3.0624900522184313,-0.1076294820732321,-1.1851047831194557,-0.39342484525756033,-0.3715039638829239,-0.44071101393046425,29.25,22.291666666666668
2024-05-23,-3.0286443812410346,0.12924131139919678,-0.15191819909158571,0.6733714072986442,-0.036085478622987145,0.0022677607156396163,28.625,24.541666666666668
2024-05-24,-0.14365768328629813,-0.10429307291729888,-0.1679366526105117,0.0922136543143259,-0.10585425209188218,-0.08749417631812786,52.91666666666666,39.083333333333336
2024-05-25,3.990620718800954,-1.5291630802886116,0.44486221750036015,-1.787040446682032,-0.7081167729685927,1.2152608630729638,94.70833333333331,60.875
2024-05-26,2.8619361459009194,-1.6711595216798802,1.7175154147567557,-1.0006998498681599,-0.9754505889002036,0.9294502265680119,116.5,71.79166666666667
2024-05-27,1.5277270005994423,-1.5355936596661566,1.8551695136229958,-0.9672300396271243,-0.49190740375361025,0.8687541355897004,102.41666666666669,66.33333333333333
2024-05-28,1.0053868012373965,-1.0903327462002612,1.7187262269541048,-0.3381453748116129,0.0703501191458678,0.19044378994118508,90.95833333333331,62.875
2024-05-29,0.09315173375671922,-1.0852311996090247,1.2792221839831477,-0.12455779234707998,0.20205823297698727,0.2738932027575503,90.16666666666669,60.5
2024-05-30,1.0447913824250377,-1.5159150406526827,1.4759041464384501,0.2263455595174207,0.3255989834112417,-0.23349357537940849,100.04166666666669,55.958333333333336
2024-05-31,1.070366914104892,-1.6921607166978236,1.9858044541673436,0.01271652349416295,0.4538803448239912,-0.4127267304833464,105.0,64.5
2024-06-01,1.531077786835682,-1.997126930824874,1.7826201003049322,-0.6549684338146253,-0.6076774003313595,0.11614539195779817,92.95833333333331,63.54166666666666
2024-06-02,3.089831250297819,-2.31268927220976,1.7811869673911562,-1.4295917876514932,-1.1854247773015627,0.8802036201188214,101.5,67.29166666666667
2024-06-03,2.9917350066706327,-1.570840877113274,0.922455934588699,-1.2588611839284507,-1.1161340512250315,0.6116910735048547,99.375,68.125
2024-06-04,1.9121727667572959,-1.006404375287807,0.6629719715398632,0.4956824316484778,-0.2038618245611275,0.4178113253587225,107.5,68.04166666666667
2024-06-05,1.610745164346678,-0.7275331852982116,-0.36153367491278315,-0.4583864809207595,-0.8688812919074322,0.42622339252467184,90.125,63.958333333333336
2024-06-06,0.7028196787569888,-0.4594899586565019,-0.020522880842409587,0.5128486894193932,-0.4560022031361456,0.013910616488737912,92.41666666666669,63.79166666666666
2024-06-07,-0.08497810983140917,0.1821380773261219,-0.8438419109738992,-0.07352032703345596,-0.2630467227373183,-0.6504602423641662,78.0,57.208333333333336
2024-06-08,-1.2131084282731595,0.25986226012992963,0.24959317639648435,0.8909259283939127,-0.10251396850298901,-0.19612266066177694,64.875,44.083333333333336
2024-06-09,-0.8131520623016775,0.32319071349374373,0.030200608029447004,0.5537784332327942,0.227833690963989,-0.3020156883723929,64.16666666666667,41.708333333333336
2024-06-10,-0.9381361634841404,0.10232738627235448,0.5146731091419154,0.12973729254197988,0.33438468122042997,-0.27275433155755335,66.0,43.66666666666666
2024-06-11,-1.0931930911440704,0.5131035352143055,0.11263776266839051,0.1894747599613606,0.2157227575411963,-0.14556038600063806,59.625,39.04166666666666
2024-06-12,-1.0450963415388703,0.8736709991057553,-1.3842286669357418,-1.340115432440586,-0.328998459252902,-0.2589499061369983,60.91666666666666,34.75
2024-06-13,-1.3677144634899456,0.6945098299367571,-0.3048399237142443,-0.15537267509268185,0.008405802149177898,-0.1656597791678314,55.375,34.416666666666664
2024-06-14,-0.44558314583346337,0.4823986715893322,0.9316696380067497,-0.8274159840968853,0.7768398867994314,-0.3858154872057499,59.54166666666666,40.0
2024-06-15,0.9863637301770316,0.2981161369007788,1.5868410182861052,-1.8785840115705907,0.5958843460155104,-0.56784749195202,73.45833333333333,51.29166666666666
2024-06-16,0.9863682171213065,-0.6310694336437656,1.5255421152354602,-0.27936077278269833,0.9296973536411206,-0.7031571796404796,107.20833333333331,64.70833333333333
2024-06-17,-0.22501146596892413,-0.436017906943642,0.18392550195842486,-0.10670054241379213,-0.06244086016683305,-0.5785629115087254,81.04166666666667,58.04166666666666
2024-06-18,-0.4432369684606423,-0.3130176587033573,0.3423545158492843,0.6473756433048802,0.09985035003250507,-0.34978628843203513,79.5,51.91666666666666
2024-06-19,-0.9686208531595834,-0.3453540658888916,1.4785839357916133,-0.5360657898324959,0.22146404320953209,-0.49866630184647587,65.79166666666667,44.375
2024-06-20,-0.5664213766385802,-0.0662513948164994,1.051106213127307,0.16864104128364593,0.3586062252399734,-0.02483001317385016,70.70833333333333,44.79166666666666
2024-06-21,-0.33666776040942076,-0.24134835746485647,2.525236189595417,-1.2801332169051565,0.45635783649955847,-0.29818684151749053,67.5,44.29166666666666
2024-06-22,-0.237431783364601,-0.36355959660718823,2.768502660993399,-2.4700039189029956,0.30470639168961966,-0.3359371605458986,66.91666666666667,46.375
2024-06-23,-1.1576277185355406,-0.09861309056305587,1.2891635459697932,0.07744856842971566,0.0075199600762208465,-0.3824839093347108,60.625,40.458333333333336
2024-06-24,-1.5434988918266639,0.06277359934841853,0.10472026280820866,0.4396948798768565,-0.07180196056935301,-0.4060101195355805,61.583333333333336,39.375
2024-06-25,-1.8408746950877166,0.06777587033127111,0.02136655355944828,-0.07222431809106118,-0.20619577452517324,-0.22702607840619696,57.04166666666666,36.0
2024-06-26,-1.8773294517446928,0.7024301762216413,-1.0152886130142786,-1.1660990078323725,-0.46660663437860594,-0.32684021750025727,49.29166666666666,26.666666666666668
2024-06-27,-2.5009391042033,0.6738415733898997,-0.23098782325584674,0.21668768054545953,-0.07375186839572108,-0.0969592312447785,47.625,26.375
2024-06-28,-2.0196566166004493,-0.07601004613368566,0.29668066661294934,0.5372243786864154,-0.06718673700571029,-0.1745281489955164,44.583333333333336,33.5
2024-06-29,-1.6140693749256712,-0.3774608083997547,0.4506327241995221,0.2782681928929357,-0.29100838549113106,-0.2852076507892312,54.5,35.875
2024-06-30,-1.4162414451358312,-0.09501410176751258,0.10426380145458293,-1.1587321082859126,-0.778387862173747,-0.5822083435985428,54.5,30.666666666666668
2024-07-01,-1.5624670786369474,0.08601838865023702,0.0982386136889659,-0.26758849110816857,-0.22506578359294208,-0.42320113591723024,54.79166666666666,33.666666666666664
2024-07-02,-1.1655499133039846,-0.2234125345790846,0.3994902542676938,-0.6190859661483977,-0.3612757552582974,-0.09297364241471712,54.66666666666666,33.75
2024-07-03,-0.8744982013407945,0.0884133126749078,1.0635874449320024,-0.0650192630403386,0.20438402916118614,0.09037412477170269,58.833333333333336,38.0
2024-07-04,-0.5650917706074815,-0.10364001609962356,1.1189414159739668,-1.182845848942609,-0.0017183008814059123,-0.4937878869803357,61.875,39.29166666666666
2024-07-05,-0.563208679763392,-0.25490980119033246,1.7747128251219844,-0.8738200385863452,0.01774443940350167,-0.5169831391874353,66.91666666666667,43.91666666666666
2024-07-06,-0.44631906845175845,-0.28596130330963654,1.9725991061849764,-3.490940484503436,-0.6404576491637389,-0.5406367256660763,62.29166666666666,37.25
2024-07-07,0.029694415083176832,-0.4542034184385479,2.9199261157909278,-2.9354537653560473,-0.07737657344373369,-0.3957946493565653,66.04166666666667,47.75
2024-07-08,-0.27484399188980596,0.06523074681893916,1.618620133405418,-2.6539467555817624,-0.2894919112585604,-0.690619941651627,63.16666666666666,38.41666666666666
2024-07-09,-0.9143549171288354,0.07399488480994573,0.3015083402730842,-0.10192203769930093,-0.09682087365095873,-0.4645220256666187,65.41666666666667,42.833333333333336
2024-07-10,-0.6877266046495786,-0.4254583343789674,1.1013188691945333,0.4509349727138498,0.3054831800315207,-0.6628415923916735,75.58333333333333,47.29166666666666
2024-07-11,-1.2799547357676184,0.5131308549656953,0.48802074913388405,-0.20348355931387885,-0.048775964325623145,-0.34596775011180714,62.79166666666666,38.583333333333336
2024-07-12,-0.32386795131488677,-0.033113959307662415,0.16153689967304882,-0.7508093820670055,-0.25463089966461677,-0.3497800464341973,67.25,42.79166666666666
2024-07-13,-0.5355358281235693,1.4139744854369996,-0.8224981156982868,-2.387961957691352,-0.4119396153187639,-0.28605763164618586,63.625,37.29166666666666
2024-07-14,-1.1609127179694116,1.2324309157441904,-0.9787032602266161,-2.5421256652617497,-0.5000044814387572,-0.3102068903839417,62.54166666666666,35.958333333333336
2024-07-15,-1.9809534354190634,0.868167184079108,-1.1796324957187347,-1.1537273468383582,-0.34533765972253666,-0.4801813243427209,51.583333333333336,26.5
2024-07-16,-2.33210246898396,0.8670754359329769,-1.8459626587303906,-1.68115096812082,-0.6238802708745131,-0.6229336826915909,41.91666666666666,21.875
2024-07-17,-1.4958133162936071,0.5715004688318756,-0.9469167534421113,-1.2673437872286102,-0.31253176964481355,-0.44768092277226956,46.625,28.83333333333333
2024-07-18,-2.364163419361986,0.7785323193580823,-1.1152068029561861,-1.432805299009808,-0.5314616210964557,-0.40259805260146775,50.16666666666666,25.33333333333333
2024-07-19,-2.4532022453488196,1.1499679941873246,-1.9604527980299216,-1.8389873458483141,-0.6121962361373317,-0.409127215358067,33.458333333333336,17.291666666666668
2024-07-20,-2.4280743377440728,1.0185854515179396,-0.9204642066086848,-0.7906396189283534,-0.25558542407956913,-0.04783877065626391,34.333333333333336,19.75
2024-07-21,-1.649034392800464,0.2883238321180319,0.6633502008209762,-0.7360430585938283,-0.11026173320088917,-0.11492043567434505,43.458333333333336,27.58333333333333
2024-07-22,-1.3663928886395302,0.7277177245508992,0.26955317879767443,-2.024010145731615,-0.26483650100239087,0.015884182758986218,56.458333333333336,30.541666666666668
2024-07-23,-1.8899734341446415,0.27836714597123524,0.014937002203075436,-0.42380529874095246,-0.10277816930244778,-0.08408027464545012,51.91666666666666,29.666666666666668
2024-07-24,-2.034297610971958,0.5323250757630236,0.15671089278755768,-0.578002326872085,-0.16198765111877114,0.18809909929634275,51.333333333333336,27.70833333333333
2024-07-25,-2.523782161233717,0.41536743011826627,0.20206821168644154,-0.2643466222951205,-0.24322572675640405,0.10327930491805662,44.375,25.20833333333333
2024-07-26,-2.655937245758465,0.7117513144031534,0.6891364765552612,-0.07346442698782592,-0.08742078558712893,0.30838412896900635,41.25,23.08333333333333
2024-07-27,-2.0182717583833485,-0.23454532072477505,2.150598400103339,-2.375775850138008,-0.654687763578854,0.27238204070517985,36.375,21.791666666666668
2024-07-28,-0.7397460835178968,-1.004986974266518,3.083193490572605,-3.6951307837603973,-0.9495909111806555,0.7158387694819492,51.458333333333336,30.08333333333333
2024-07-29,-1.7184578346652626,-0.2586616098130692,0.7932955513257252,-1.0590662588698354,-0.69815322991866,0.4694417995134589,48.25,30.45833333333333
2024-07-30,-1.370467809160086,0.6470685144544017,1.1623465330375446,-0.8976779223537447,0.19248169607263949,0.10378706328714046,51.79166666666666,31.5
2024-07-31,-1.5649295883859855,0.39427366992769813,0.41101159182809327,-0.09513060367946043,-0.07099035861319723,0.22024231107241865,47.54166666666666,31.0
2024-08-01,-1.7453848019583136,0.3863609646772811,0.10112799430224158,0.07995061368913924,-0.10124050002605575,-0.01353161464662025,55.04166666666666,32.833333333333336
2024-08-02,-0.5852562049288182,0.34289202770057914,0.09714498817814278,-0.6291397593131023,-0.04670812885596654,0.17131659185156564,62.25,38.333333333333336
2024-08-03,-1.2302532492423466,0.31850106558500885,0.994457314556388,0.19609262577436357,-0.040852725550788484,0.1626563197756991,58.25,37.208333333333336
2024-08-04,-1.1613901856787083,-0.05206013667893008,1.818128724640615,0.24112682629789553,0.2748440418569714,-0.09411542378380612,67.95833333333333,44.583333333333336
2024-08-05,-1.3745340497013212,0.0019709441672035688,1.195297337100256,0.21194121231651525,0.19908641856090742,-0.3043871132180072,56.458333333333336,37.91666666666666
2024-08-06,-0.5951367226276386,-0.15609510391389544,1.3739976048799458,-0.41961200307687696,0.10966016884134935,-0.22062394692901646,66.875,43.41666666666666
2024-08-07,-0.7131919023332473,1.3633333460205181,0.20468941049544886,0.02543885597442492,0.14643473581919186,-0.22249802832687274,62.833333333333336,37.833333333333336
2024-08-08,-0.9302917014738202,0.5224242146044868,0.9216944320038718,0.6493926425718203,0.4507386191304659,-0.016965155318933525,70.04166666666667,47.125
2024-08-09,-1.2994613364910006,0.01702052276985831,1.8781000887998973,0.03370319308129548,0.37039492081613806,-0.14895723828472573,56.04166666666666,37.04166666666666
2024-08-10,-0.4187837584663887,0.13464757902445512,1.8119930768014656,0.533730171642587,0.6137157316851144,-0.3496229776960251,79.125,45.54166666666666
2024-08-11,0.2793975571911583,-0.4338368274107406,1.8130421378071395,-0.023277992710737574,0.9162370366249742,-0.34893710773412134,90.54166666666669,55.125
2024-08-12,-0.22421105806949723,-1.0981017340364696,2.0308651775789737,0.3507462340891699,0.6367468619725507,-0.6261189073221074,90.83333333333331,54.583333333333336
2024-08-13,-0.9793012697185189,-0.5407052830626977,0.9964729963050939,0.6703439806939109,-0.3362431452998338,-0.03029980215610805,70.875,46.833333333333336
2024-08-14,-3.1863035305870966,0.2083482642952226,0.5441530733056976,1.213602143578116,-0.41957784529784936,-0.02228775010178848,55.29166666666666,29.75
2024-08-15,-2.7534317620506807,0.018738985843027366,0.21842229913050287,1.1752661591363989,-0.3321547190664363,-0.2198767309194051,41.875,26.45833333333333
2024-08-16,-3.094466276605332,-0.02132238532395935,0.5459763461290456,1.203282384309685,-0.5627649677982512,-0.0711868008453011,47.25,23.75
2024-08-17,-2.2447086242638736,-0.3611943038182151,0.5465752747924285,1.4483870947626787,-0.11621833365863982,-0.20284420393935274,50.625,32.875
2024-08-18,-0.5202924792201491,0.0775276687279732,0.586987576939626,1.8764368664847109,0.19073513784078164,-0.6636884862269694,78.41666666666667,47.0
2024-08-19,-1.8282300240670692,0.18719379881115206,0.3047138763158419,1.2542733872649943,-0.28853409755176385,-0.04848332695568083,61.833333333333336,39.0
2024-08-20,-1.0249115587954856,0.12414998297788556,0.032284161678606565,0.9621411921401863,-0.35300809199042704,-0.43357364559474254,64.20833333333333,41.833333333333336
2024-08-21,-2.6743129559040772,0.3050959268924088,0.0462072584403293,0.8725311463434536,-0.5282221629252838,-0.19107390414543274,50.54166666666666,31.58333333333333
2024-08-22,-1.6898170315642436,0.1266022657024974,0.3562639855505128,1.377340702662527,-0.09407632360640322,-0.38046544085636086,55.54166666666666,36.375
2024-08-23,-1.0207105764833064,0.04942406003539076,0.16549659126811608,0.9316550291149921,-0.28019867157301587,-0.45444087361403507,65.0,42.66666666666666
2024-08-24,-0.9862889174118211,-0.004245008725358189,0.2737561862924465,0.49687742206711416,-0.2918576161949549,-0.28167648618450564,65.20833333333333,43.0
2024-08-25,-1.5480703784753842,0.35873141156618477,0.4927030716032989,0.5519217922955231,0.23779661332387345,0.027229943411842823,62.458333333333336,39.04166666666666
2024-08-26,-1.5321451456909572,0.16626140907948855,0.41563762126097537,0.7117629946070078,0.07778128320268722,0.13609961812066054,58.875,36.75
2024-08-27,-1.0121545671816055,0.36332065126975915,-0.22656944176077834,-0.009827666972713143,-0.2222174817576414,-0.11781793705143868,58.375,35.0
2024-08-28,-0.8521600880635063,1.183797128504938,-1.1695429968068014,-1.4081293753296653,-0.4987456651141552,-0.3101614995549562,61.16666666666666,34.583333333333336
2024-08-29,-1.2207371058530851,0.887794333608666,-1.2125473273987424,-1.5503190224771612,-0.5715384218785569,-0.02726659501626562,58.41666666666666,31.95833333333333
2024-08-30,-0.7871685042118186,1.082467741153357,-0.28518194610738207,-1.6857720065583295,-0.3111132210746127,0.31168469757569234,55.125,30.291666666666668
2024-08-31,-1.814433515801315,1.3628492794816784,-0.549106967052071,-1.0771158941276333,-0.20748006275236747,0.193354400205546,58.16666666666666,31.625
2024-09-01,-1.6584450672475937,0.45207845682733505,0.42234662634587194,0.015726115235723186,0.22865066250825303,0.1360458596174361,49.41666666666666,32.375
2024-09-02,-1.0103539523355634,-0.3031271306354264,0.8326490128772835,0.24418664776490626,0.12083676458074841,0.019434810289584683,57.125,39.25
2024-09-03,-0.28878919729307073,-0.189397747479868,1.3124481311751417,-0.059601986440170326,0.2839953141349021,-0.2055908938349682,69.04166666666667,45.0
2024-09-04,-0.5749880216369547,0.761817328299942,1.1342036583506028,-1.9657969472139722,0.006985192757358722,-0.13060747757361113,66.58333333333333,40.458333333333336
2024-09-05,-0.5045370919716683,0.2059540655687365,0.8169646923680731,-1.896830341290057,-0.13970015020934198,-0.36577088162543847,64.29166666666667,37.583333333333336
2024-09-06,-0.7673405127936186,1.3590370511083623,0.46241576706428467,-2.439172795220167,0.137613386625953,-0.49046616362883966,58.208333333333336,31.70833333333333
2024-09-07,-0.4950353491222483,0.832678658751847,1.7895495840457922,-2.758342221631792,0.3254868638966521,-0.26042500664909957,61.458333333333336,34.75
2024-09-08,-0.5782594573961999,1.1030495927789148,1.2615448382066936,-1.1925588067256796,0.6058922492417346,-0.03926372386098615,66.91666666666667,40.625
2024-09-09,-1.5217976004961231,0.6360078236968847,-0.3280787415726914,-0.364359493385711,-0.10670077616215412,-0.03580559440335219,57.625,34.0
2024-09-10,-1.7153754823246725,0.2733730145876625,0.5044893838946235,0.7196910098557971,0.17814307713674316,0.25478405626128214,55.875,34.75
2024-09-11,-1.661049356007654,0.10739732128625751,0.506530188748374,0.3662764472103045,-0.11820289293401372,0.0595623993884818,54.125,34.291666666666664
2024-09-12,-1.132272447800174,0.08661728589266426,1.054516824876376,0.701775774021278,0.5862808639324655,-0.28027871543653227,69.33333333333333,44.125
2024-09-13,-0.29984279496717575,-0.597161084074663,1.9980098692439427,-0.7901350133751499,0.3691605511577534,-0.6471144599678819,64.29166666666667,40.75
2024-09-14,-0.7961839798253284,-0.7890038545070526,2.325400296137076,-0.6575675368148577,0.33615459112608137,-0.5242209686668414,67.54166666666667,45.66666666666666
2024-09-15,-0.3306339117734511,-0.6048347140418002,1.7703501510088,-0.11946215425280239,0.7237346560183018,-0.4957793674200321,67.41666666666667,45.41666666666666
2024-09-16,-0.9503230619285628,-0.4600514251180598,2.1007611894906035,-0.8633793175907662,0.5699692642328438,-0.43662744227376543,63.54166666666666,40.66666666666666
2024-09-17,-1.645709565195186,-0.4816681542599884,1.1489813245355351,0.21113774854065043,0.40277116663545137,-0.3843446482009649,57.125,39.333333333333336
2024-09-18,-0.2670624643315258,-0.7734273297983872,1.5738068871735913,-0.21643077331685182,0.25138283658296945,-0.6466372154922664,64.75,43.91666666666666
2024-09-19,0.6195765940083822,-0.83570342577403,1.7530888869523262,-0.3312710290933226,0.18162539380987935,-0.484826515882341,81.75,54.75
2024-09-20,0.8532470188749453,-1.133988069178261,1.9573663925426628,-0.31998348598463683,0.2038761746281909,-0.49906194163787754,86.125,60.083333333333336
2024-09-21,1.1361862776832632,-0.5268118171788077,-0.2058046816568464,-1.0012627973575317,-0.7368798887050831,-0.08726894627868721,81.20833333333333,61.41666666666666
2024-09-22,1.7775161609430197,-0.2341030841695585,-0.8745989328142679,-1.3463251295256125,-1.107214778857371,0.6118377658613997,86.16666666666667,63.16666666666666
2024-09-23,0.5347603604912807,-0.7255908220909489,0.15803276206812067,0.7788963333617814,-0.1840776912376071,0.5456650377097736,94.5,61.583333333333336
2024-09-24,0.27608189182552695,-0.27691074789135905,-0.3572223751207777,0.4112982852840956,-0.14014131336468236,0.5679366168074456,83.16666666666667,55.083333333333336
2024-09-25,-1.2012632178748484,0.1945204980556777,-0.018201972359241512,0.9179386849789326,0.2262090297282883,-0.3207225254809552,64.95833333333333,43.91666666666666
2024-09-26,-1.2717265920134595,0.052066065842435595,-0.14498531240364887,0.7217767086639697,0.06048908137189223,-0.19436995338215102,58.958333333333336,38.41666666666666
2024-09-27,-1.5118897510796718,-0.37385912536019567,0.008422802061048798,0.7147075702071078,-0.3943849570241264,-0.23912479338796855,56.29166666666666,34.958333333333336
2024-09-28,-2.392307758447418,0.023009880309825766,0.32722164765592343,0.8662077693553271,-0.2215987144347428,-0.14818996439601018,52.583333333333336,31.541666666666668
2024-09-29,-3.2933830665804846,0.6419846018590762,0.32184561440492976,0.9849147205190164,-0.5078539632153664,0.012697797221138762,44.66666666666666,22.20833333333333
2024-09-30,-3.4874451293523445,0.3964766957646706,-0.18633078907506576,0.4805660998771949,-0.8252949512219151,-0.16860932846184,36.41666666666666,18.791666666666668
2024-10-01,-3.639605001695158,0.42036763689656825,0.20339653118942497,0.890611789064826,-0.6348236531004755,-0.05308508990858857,36.333333333333336,18.75
2024-10-02,-2.496216812917304,0.17044664550920752,0.13497286634835565,0.8909737818107043,-0.32959279534906505,-0.2085421602582422,38.16666666666666,27.0
2024-10-03,0.15768282482808413,0.31417242376418786,-0.3208338098842607,0.6824993060646198,0.3081917852236559,-0.05097660096079433,77.70833333333333,44.0
2024-10-04,0.9654583625854554,-0.6219090433370871,-0.5971345954961983,0.23694336442258165,-0.16633943026031817,0.49728042735162503,87.54166666666667,54.79166666666666
2024-10-05,1.3970164473307345,-0.8960557328442472,0.038682487073477954,0.6475475134118186,0.5332920902310007,0.27542563800525477,101.16666666666669,57.958333333333336
2024-10-06,1.9838894879249198,-0.8230699568789795,0.4625246277438001,0.7770194525008784,0.6877032855739031,-0.1915147723909352,110.41666666666669,65.33333333333333
2024-10-07,0.010381640974298717,-0.83800585752765,0.4185280229872329,-0.593591125053987,-0.504475398622289,-0.07904568426874442,86.54166666666667,63.29166666666666
2024-10-08,-2.628785853147541,0.3711646474880629,-0.2932978973824712,0.4462526415864768,-0.18360293588283277,0.06197383179405332,55.16666666666666,31.0
2024-10-09,-2.6397703958829855,0.6112594341734974,-1.0136727649810948,-0.4161788681440596,-0.4663506323665093,-0.09205634464859601,38.125,19.5
2024-10-10,-3.1222913507352366,0.6165285199895263,-0.6487402240457697,-0.05249148165717923,-0.5642437624375048,-0.02553529696168556,31.541666666666668,17.083333333333332
2024-10-11,-3.2074586950989095,0.2941077787565385,-0.4018435863445785,0.3977017074665093,-0.2633654801131272,-0.17043035460979708,33.416666666666664,19.75
2024-10-12,-3.4825221435446827,0.11973151788634413,-0.6336659920603834,0.060411526528285714,-0.694803363273046,-0.12873024091354965,30.625,16.208333333333332
2024-10-13,-3.4346895765038647,0.3328744628598539,-0.2974079800068678,0.38664497881641613,-0.5338476933762495,0.18854155397639188,32.625,15.875
2024-10-14,-3.085509997316303,-0.08695108278157626,-1.3189354630625667,-0.5810776546925293,-0.4159654704007811,-0.27918607357652797,27.125,19.70833333333333
2024-10-15,-3.3003352988620573,-0.13529589497734634,-1.827122550373727,-1.2254689374852576,-0.9296955514625422,-0.6434337470576784,25.33333333333333,16.791666666666668
2024-10-16,-2.544047711921415,1.095136466180514,-1.1746079694864187,-0.6081361786421344,-0.309218500462144,-0.4030250924269242,25.416666666666668,19.58333333333333
2024-10-17,-0.5092663775714449,0.16673293591971317,-0.46925035969192963,0.6211231852155845,0.2949360548991016,-0.4036311656820853,63.75,41.75
2024-10-18,-0.6838246089622119,0.032082800392285435,-0.7756249837153062,0.2234901758479536,0.1814599213720044,-0.389373823432813,63.41666666666666,42.0
2024-10-19,-2.3470399110179487,0.10753923058362502,-0.7273392146318276,0.11507976756845681,-0.16391663884330757,-0.1878924011570284,53.375,29.25
2024-10-20,-2.905296143189131,0.21402670495208054,-0.3558116080936953,0.5127336331137686,-0.04248795186748813,-0.1236416975590669,33.791666666666664,26.125
2024-10-21,-2.9080030563271015,0.1773129178198408,-0.46733667450381144,0.42977960990692404,0.006968167999244278,-0.25015011725201547,30.20833333333333,25.0
2024-10-22,-2.9287201454111558,0.593179522213415,-0.5071412468541155,0.2353463894164284,-0.0986923704474139,0.024610980278079037,33.208333333333336,18.5
2024-10-23,0.36583780116848985,0.28092246676272975,-0.21664737626557867,0.0562354946767374,-0.5425185103121477,0.2203341255603704,50.083333333333336,35.5
2024-10-24,2.7186456249994464,0.41915282891363803,-0.25715635762864497,0.2652095509772526,0.07628510759179771,-0.20937147285588795,98.875,65.66666666666667
2024-10-25,3.4059219413950377,-0.44515367074937956,-0.1860540576234319,0.39926391240771036,0.18197123148527378,0.10530639557338087,128.0,71.08333333333333
2024-10-26,5.773649048022991,-0.8197995589100456,-0.10063622366389757,0.2003120658459249,1.0032593998991022,0.4045893825207474,142.45833333333334,77.41666666666667
2024-10-27,5.6601842672548655,0.32461039685303283,-0.6590672986938388,0.2834765637156776,2.783978619217546,0.8389520683295517,154.75,83.33333333333333
2024-10-28,5.473333430055249,-0.4627943276063248,-0.8388860788488712,0.2869351839402255,2.6210080695338607,1.1143998178575376,132.375,74.58333333333333
2024-10-29,4.082800825907994,-0.8768305625215256,-0.4766776368402163,0.12412214685043228,0.015579214774630586,2.090859732929643,112.20833333333331,72.41666666666667
2024-10-30,3.9512134066271902,-0.8201666903818909,-0.6245943763874131,-0.09244448858930719,-0.020442430621835636,2.0262162743633265,107.625,70.16666666666667
2024-10-31,1.4293560910198144,-0.40067182672734913,-0.6137564743798832,-0.2661202500832671,-0.23534872683567715,0.909643329684709,95.375,66.70833333333333
2024-11-01,-0.7956743734456883,0.24452500759571194,-1.1672026117575203,-0.503834714162006,0.18137623086039037,0.5360198501120054,66.625,42.625
2024-11-02,-1.4733991217647284,0.5923583043251706,-1.0054067756216731,-0.3217105719781038,0.17832590846173102,0.5783403822462048,56.208333333333336,29.625
2024-11-03,-2.1346620867769457,0.2747966278225282,-0.8033926994415351,-0.12009883656010927,0.15711297314911388,0.39145095852141765,45.375,23.416666666666668
2024-11-04,-1.2863947223876582,-0.1707188582116032,-1.0132514801265193,-0.22957381076276556,0.35463817211414084,0.353262553790264,49.29166666666666,25.0
2024-11-05,1.774491541016935,-1.5169620398605954,0.07665615935901171,-0.1438807894830061,0.18069264907057092,-0.4295014176600282,73.625,51.66666666666666
2024-11-06,-1.2650664398799214,-0.7406696063820668,-1.4983737513221245,-0.5667685012008348,0.37962692934864617,-0.3015251355891608,87.16666666666667,59.54166666666666
2024-11-07,-2.4819266694778235,-0.5067636235651998,-0.9530016791060418,0.2075313550101264,0.5791770621926016,-0.32460984236414037,37.79166666666666,29.791666666666668
2024-11-08,-2.363252797334252,-0.5060280947954857,-0.9169729977125989,0.19018605306147876,0.3406769851944707,-0.3341622237803488,38.833333333333336,28.291666666666668
2024-11-09,-0.765613918892839,-0.9564590730767437,-1.0328752026426713,-0.10884567054369693,0.21520302171825564,-0.2708213741086009,47.333333333333336,32.875
2024-11-10,-0.5264404991549758,-1.289276560173392,-0.6242755436987308,0.5155062069572285,0.3101458594724516,-0.4583602368721102,67.0,44.66666666666666
2024-11-11,-0.2427334736543792,-1.3207768795141897,-1.1288271534992218,0.19366410897505743,0.5579345968810158,-0.85043526891451,71.29166666666667,50.66666666666666
2024-11-12,-2.677825635117142,-0.29697834452096206,-2.330435341413892,-1.6656161161777048,-0.6251942965626599,-0.6669232145152707,50.333333333333336,26.625
2024-11-13,-3.0834125156512644,-0.2668743524665574,-2.0521394045668586,-1.3944363641138673,-0.526514308753984,-0.34555388019959216,23.166666666666668,18.75
2024-11-14,-2.7243732401004697,-0.3025360043937478,-1.3454312404339521,-0.3632107739812663,0.4924650071320475,-0.012249729469601489,28.791666666666668,25.791666666666668
2024-11-15,-2.5521967571983217,-0.37012657643488484,-1.7982443162620882,-0.9676458393180599,0.003469888762638553,-0.15786509445056093,28.25,24.625
2024-11-16,-1.3638598105867428,-0.7449066360370961,-1.2100146834068073,-0.3444075303034253,0.018830317000544286,0.27753830392840406,35.041666666666664,30.875
2024-11-17,3.1574417842450244,-2.067046919462086,-0.4374030152957018,0.4001878108043319,-0.06274930109128667,0.6828060382739741,102.70833333333331,65.91666666666667
2024-11-18,2.019163938516046,-1.9608808704295173,-0.5877517065976152,0.49054501849706794,0.40679895768282487,-0.03345663489696613,125.875,76.54166666666667
2024-11-19,1.7309536827927463,-1.8472600183776309,-0.790233585612454,0.31352004240730835,0.3884900230800327,0.006150785886495285,118.41666666666669,74.29166666666667
2024-11-20,1.6379525937286048,-1.6873467500808452,-0.8046142630216928,0.35361726733243537,0.8133752802796342,-0.21627695498508848,104.875,69.83333333333333
2024-11-21,2.135661291183053,-1.7765089143462598,-0.9085237351925634,0.2452162130820881,0.672860670833992,0.05783471790575405,107.875,70.875
2024-11-22,1.4839217294126648,-1.5775088425269936,-1.254081435002619,-0.03880327736321261,0.7663862471489686,0.036770429804446544,111.16666666666669,72.0
2024-11-23,0.6788244247559768,-1.4757200521963587,-1.4407593651607122,-0.14000945276013094,0.6357985505321687,0.3481889810050738,90.08333333333331,64.625
2024-11-24,1.0533872729226923,-1.6435844978718863,-1.5039222628329951,-0.32141747384151703,0.40922669065555095,-0.11880695534505598,84.41666666666667,62.54166666666666
2024-11-25,2.1714475061114764,-2.2235866397850415,-1.1200682123138401,0.13183928652713406,0.5293478556133262,-0.11952870038552205,107.58333333333331,70.75
2024-11-26,0.12314771722471692,-1.70098297952679,-2.0267901175869594,-1.0252267565148157,-0.28399211865130985,0.01605698722928168,86.20833333333333,59.875
2024-11-27,3.023590065444463,-2.594206010724205,-1.3725176824152558,-0.7274519752258808,0.1606856127311492,-0.39916488370514197,100.66666666666669,67.625
2024-11-28,4.598703842059788,-2.8352239561965065,-1.4470338208700435,-0.9071835898691811,-0.17808249442475016,0.016335609572004226,142.41666666666666,82.375
2024-11-29,-1.770279999130181,-0.9399368964174607,-2.555863661937105,-1.546093630452048,0.10925412847869172,-0.6729097161091268,97.0,60.708333333333336
2024-11-30,-1.9233567579980007,-1.1128543846563097,-2.6847272379541196,-1.6912257722899509,-0.13395646166958763,-0.8897404630581246,37.66666666666666,33.208333333333336
2024-12-01,-0.4854247784874726,-1.4398130768739925,-1.7262715110401485,-0.5109924200798328,0.1768397943033665,-0.21496769639440583,55.0,42.875
2024-12-02,-0.3234753461869639,-1.390450250410206,-1.597361816347267,-0.47137805360324914,0.1995039853488027,-0.0437188879509592,65.04166666666667,42.0
2024-12-03,-0.3515933542245625,-1.2596493600942669,-1.0268294337169275,-0.13367548484836145,-0.1484122088398708,0.16206111401072837,68.70833333333333,43.583333333333336
2024-12-04,-2.2069431450688035,-0.1709002670934909,-1.4659749641202784,-0.6524408697711549,0.11861183126221168,0.22853734505765697,59.458333333333336,34.041666666666664
2024-12-05,-2.762747327573632,0.27729082856498904,-1.237012421488173,-0.40652641263362255,0.4000921499074804,0.08734351876687677,32.291666666666664,19.83333333333333
2024-12-06,-2.151881448398394,0.17152132181060906,-1.2961406641101536,-0.3195044825724056,0.9544966429697189,0.22182618975609011,31.0,24.25
2024-12-07,-1.3410771180215353,0.12847966008362666,-1.0583537417851636,-0.1464114039105405,0.8377506589339919,0.3065119368434063,47.958333333333336,27.541666666666668
2024-12-08,0.26400494279949327,-0.17215811819294924,-1.097020229946909,-0.40197058769459926,0.3821726398068653,0.5820992747493215,64.66666666666667,39.833333333333336
2024-12-09,1.784166574683291,-1.3398571317326933,-1.0966462003517368,-0.16747659342464527,-0.015117987815409272,0.7944337213123125,93.91666666666669,66.04166666666667
2024-12-10,0.9285841080692651,-1.5496105168780834,-1.2998621561835744,-0.05715149826825593,0.33277739312057636,0.45154497285381506,100.5,68.5
2024-12-11,-0.09536679528782892,-1.5521037439551337,-2.057303787532388,-0.8544359980621303,0.10994606574636735,-0.19567441756487658,84.5,61.75
2024-12-12,0.9271856776961787,-1.8793183736074246,-1.7223480384885261,-0.7141831261273027,-0.42181625298309455,0.7907500090375559,68.25,43.91666666666666
2024-12-13,2.8152880228991255,-2.4376221626787116,-1.0723729461039921,0.056759560450782925,-0.4012764282569614,0.2431418376905356,110.125,71.54166666666667
2024-12-14,0.9536322612464384,-1.9562735054839346,-0.9104733119234342,0.25792969832530643,0.22204372268907402,-0.38116770953861023,113.20833333333331,72.66666666666667
2024-12-15,1.2598941557634562,-2.0455078680555494,-1.0941140239963558,0.2389703581522708,0.31292159830606053,-0.5170072974347266,94.875,65.875
2024-12-16,0.7332865168333164,-1.6611915400950656,-1.2450103324782702,0.0955701858836256,0.6895695879113055,-0.49324668409792793,100.45833333333331,68.54166666666667
2024-12-17,1.0809633940505485,-1.3441796266575805,-2.5220012997922994,-1.2703026240589557,1.105162340603981,-0.4115810788379123,78.16666666666667,58.54166666666666
2024-12-18,-0.9340008619512226,-0.7022108920911487,-2.4309972445988044,-1.2343696292751327,0.8246180404209147,-0.616745551315253,76.20833333333333,54.5
2024-12-19,-2.7076319110958424,-0.45191710683201647,-2.1607661616286684,-1.2232141458682058,0.318074688628691,-0.4226260510241751,35.625,25.75
2024-12-20,-1.8880233833351485,-0.1899837459967189,-1.5644190908523798,-0.4806780981554192,0.9958155834879808,0.065964584992884,31.83333333333333,29.45833333333333
2024-12-21,-0.5895270213390035,-0.16186677955502032,-1.3771285824093735,-0.20335834457986965,1.3336942238340947,0.4167778643253731,53.25,36.333333333333336
2024-12-22,-1.1957835537809616,-0.9530017817283923,-1.4688363972351743,-0.2984006794671395,0.8030169505604267,0.3666341653337466,48.41666666666666,37.0
2024-12-23,-1.1832597409102816,-1.0135896288016062,-1.38482955563198,-0.16948952069956927,0.6973498356491408,0.012876995185201266,47.91666666666666,38.208333333333336
2024-12-24,-1.740316953075002,-0.44613933034749853,-1.8643165033813205,-0.6904961301778237,1.1621617896901888,-0.10883459973224922,46.16666666666666,32.041666666666664
2024-12-25,-1.9492317770671017,-0.34875190396552214,-1.986813718743861,-0.9487538093302439,0.7790518775718167,-0.1501122764264413,36.16666666666666,28.83333333333333
2024-12-26,-2.200309995579677,-0.7700374045756339,-1.6128709207717167,-0.568261009414645,0.23156006814272373,-0.25052553625103974,33.625,30.25
2024-12-27,-0.9471329620598171,-1.2286373870728453,-1.1773086886498634,-0.018153965629790516,0.29250622878578336,-0.2855270531712229,49.875,37.958333333333336
2024-12-28,-0.5238014687927227,-1.222734772834622,-0.953443498914798,0.13993980906298079,0.5492326156368632,-0.36271918686957805,69.33333333333333,45.41666666666666
2024-12-29,0.02891720612052463,-1.5024219189567243,-1.1617500721297886,-0.0702925784068283,0.2593599828164965,-0.07888329639644437,74.91666666666667,54.29166666666666
2024-12-30,0.6034885268736377,-1.6046853870181852,-1.0632622924417703,0.2913278682808869,0.35888740570914385,-0.0590005833052897,83.29166666666667,62.16666666666666
2024-12-31,1.4014964672752346,-1.5360789716599312,-1.0694522041077712,0.40002028952130175,0.8781361449585394,-0.22683163407210669,97.79166666666669,67.54166666666667
2025-01-01,1.892713902023545,-1.6203353721851255,-1.0728074844546331,0.11869738126372126,0.41769513345865217,0.4779446801237445,103.95833333333331,69.70833333333333
2025-01-02,2.379474239137166,-1.8405840921254735,-0.9946604701279469,0.12685444951017671,0.009357654782089256,0.4590273774154001,113.5,72.66666666666667
2025-01-03,2.2483051828483354,-1.733805854120342,-0.8261671004649176,0.3511824407103827,0.20186112867107037,-0.0265395844248905,118.16666666666669,74.125
2025-01-04,1.579321165507696,-1.5745616984560102,-0.23542765993669568,-0.30059214510928867,0.6304146934883698,-0.17192404634200828,110.5,71.83333333333333
2025-01-05,1.296315645864271,-1.4560881883285697,-0.41195031283859407,-0.37520191032854744,0.35763351888568135,0.1537276101068869,98.375,67.75
2025-01-06,0.7880226222223214,-1.216477393928585,-1.0367198834235791,0.002796732996912073,0.3310272405840211,-0.04711449189856624,96.375,67.16666666666667
2025-01-07,0.6660653169583728,-1.3699807546120901,-1.163160671414518,-0.11859160264979315,0.1479850701774302,0.10597964834885104,91.04166666666669,65.08333333333333
2025-01-08,1.386366166532153,-1.490644168936466,-1.1582752412147228,0.2468677026233018,0.8273347159773892,-0.02444035877639473,90.95833333333331,64.875
2025-01-09,2.560501815444573,-2.1634022970463307,-1.0465560812985983,0.22966747033608453,0.05431689319647128,0.15915226345661607,114.375,72.29166666666667
2025-01-10,1.9897218666913292,-1.9448344107295146,-1.6511640241303973,-0.6696527912329309,-0.08785935870474126,0.34102977476522855,103.58333333333331,69.58333333333333
2025-01-11,-0.1659517214570216,-1.5410259272972264,-0.6136571766658179,0.2714531826218958,0.4630130146675577,-0.09558095172579294,92.79166666666669,65.375
2025-01-12,-0.21549259473833696,-1.5514848671647763,-1.3704627031050867,-0.979798895759873,-0.20228819689288283,-0.337684592593035,72.75,50.833333333333336
2025-01-13,-0.865040741615508,-1.2650254997366894,-2.150151843205847,-1.2284089145630026,0.5758122792465346,-0.6235574091578845,61.125,43.083333333333336
2025-01-14,-1.161313061749385,-1.158385214844226,-1.004697286217921,0.13599585018562138,0.9098852868908014,-0.3109577090512809,55.54166666666666,42.25
2025-01-15,-0.4720528321123951,-1.4839288008749334,-1.046711667245047,0.3165668166982916,0.6038956977874486,-0.32053833369662316,58.0,47.41666666666666
2025-01-16,2.9656900635139274,-2.320310644655307,-0.7758270688558718,0.4936358463018983,-0.18751823526140116,0.45217382651697846,97.95833333333331,67.45833333333333
2025-01-17,3.8119989199068938,-2.5807219121887335,-0.7857180925955755,0.4164514669182512,-0.6696079710745232,0.6186997681971353,145.41666666666666,83.33333333333333
2025-01-18,0.4424690724693581,-1.791140934717311,-1.544335312450273,-0.5992684619086015,-0.5178217870969368,-0.22510636371606155,121.16666666666669,75.125
2025-01-19,0.4722074886620926,-1.6458781205127158,-1.2125522404348614,0.1374973582357485,0.2846447746698854,0.1061955451895473,84.45833333333333,62.54166666666666
2025-01-20,1.2349635925960574,-1.6055991786923487,-0.8652198057265025,0.5925020901471654,0.8561425652240547,-0.18757645676054097,89.375,64.41666666666667
2025-01-21,0.8216096621401108,-1.3870720231070799,-0.7623691107247477,0.8529429487420211,0.8511168360455437,-0.41325955227348854,98.29166666666669,67.625
2025-01-22,0.523540878548714,-1.2871518748344366,-0.8066883345331622,0.4545356714591392,0.5642139567986476,-0.2461933216984182,97.91666666666669,67.70833333333333
2025-01-23,-1.3956146157423364,-0.6864524161651058,-0.6232842069776527,0.37759637234965227,0.1782144747441097,-0.5114975323727974,76.125,52.833333333333336
2025-01-24,-0.8900798301473061,-0.8041758646759954,-0.7440150358869456,0.29147818152919946,0.3799928759255757,-0.27949415052299437,65.625,40.125
2025-01-25,-0.35898976043134323,-0.9098100402073039,-0.5782043475771345,0.40418731444359496,0.2699675478085708,-0.26311020341936164,79.45833333333333,58.833333333333336
2025-01-26,-0.12876137439882074,-0.5549648398983792,-0.6165937078367036,0.5136249604675026,0.5780724309758557,0.03438869998166262,84.95833333333333,62.625
2025-01-27,1.440996860131024,-1.2171316835619577,-0.6775637805957508,0.4708202522219725,0.3243820291161622,0.34941151055938857,92.08333333333331,65.41666666666667
2025-01-28,2.942637634342755,-1.658840154977518,-0.7276840768564472,0.6178150943046922,0.032834430991449365,0.26497628113455274,128.125,77.33333333333333
2025-01-29,1.5695600178653482,-1.7730981708099376,-0.5055042091115509,0.7228115929276389,-0.4543288864870783,0.0841374547630262,134.75,79.625
2025-01-30,-0.350673460713113,-0.9266266751758623,-0.7168012169476561,0.5595592755119077,0.4905585314728233,-0.006599423100589415,95.125,66.375
2025-01-31,-1.4493649364806995,-0.3134789251984708,-0.7609395896679108,0.32371940388757053,0.4440975572082973,0.1550801446490509,72.125,49.79166666666666
2025-02-01,-2.009208141870921,-0.030653901678075305,-0.6737574745222167,0.3397278714815459,0.4080101708339289,0.06618381648331514,57.04166666666666,30.83333333333333
2025-02-02,-2.0470482742106437,0.07232163610957262,-0.663019098646873,0.4864999848671789,0.9511581379166076,-0.000630219085719221,51.66666666666666,30.166666666666668
2025-02-03,-2.0274410206165583,0.24281875651719553,-0.5263643053146594,0.5501421861350532,0.8576944306347443,-0.06381456780499273,46.75,30.0
2025-02-04,-0.6636125377104168,0.2215487487245407,-0.5048118715447771,0.3715536338305002,0.723316267746385,0.6391887559604609,58.04166666666666,33.041666666666664
2025-02-05,0.4435284120550403,-0.4253128115763869,-0.4887660096333016,0.601210458687731,0.21939177828467,0.28383378024072314,81.20833333333333,58.333333333333336
2025-02-06,1.1389551949370396,-0.4383867103202126,-0.48153836363758856,0.773152011185402,0.5433851820894279,-0.28004918279599317,106.33333333333331,70.33333333333333
2025-02-07,1.9520176566728247,-0.7260419143970137,-0.44341030280804766,0.7233115751037225,0.621658318221304,0.2804572229886116,126.79166666666669,77.08333333333333
2025-02-08,2.1989302241009074,-0.9250165550426427,-0.6175142675959618,0.3686684018735753,0.31609639008292284,0.9802603279272761,128.125,77.45833333333333
2025-02-09,2.4031774330675724,-1.2635095173656963,-0.5636086562516189,0.4281246231568313,-0.12922461828631218,0.8035263477173588,123.41666666666669,76.0
2025-02-10,1.47083366206802,-1.4798810498167232,-0.2315093150185414,1.054831843839882,-0.009110465034986451,-0.34633948623850425,132.04166666666666,78.75
2025-02-11,-0.6643927009081446,-0.7459541249433439,-0.2478208906890351,1.1233842150831355,0.6518323794905684,-0.632395949945115,98.625,67.625
2025-02-12,-1.0156033353771903,0.19704488713980753,-0.5693798506623721,0.7224942549943246,1.34006527831797,-0.13345729364565304,70.45833333333333,46.625
2025-02-13,-0.9066965654295557,0.5232681678500914,-0.6084999452625541,0.5261196206704581,1.3710185398727697,0.15999392400813986,65.41666666666667,41.458333333333336
2025-02-14,-1.4805345559565037,0.41357592181056474,-0.40666094615391807,0.5069474750306573,0.9797361949759106,0.30812978093014615,57.583333333333336,35.208333333333336
2025-02-15,-1.0518815745380394,0.044188354183645646,0.2837901416357003,-0.087139649138659,0.38026449156544273,0.3563918577061103,56.708333333333336,34.166666666666664
2025-02-16,-0.492721403382178,-0.8231756132251453,1.05189944468105,-0.4670445574924666,0.19422102598122262,0.1667252677482189,68.41666666666667,44.29166666666666
2025-02-17,0.8307874744574467,-1.0613271340005372,0.695187007952211,0.06884605307777662,0.048761192370060255,0.08100460318836027,87.83333333333333,63.333333333333336
2025-02-18,1.5457627907558995,-0.8824272765189501,0.6014657828793843,0.2748871641078052,0.6496655933195763,-0.08422281189467581,120.04166666666669,74.75
2025-02-19,0.33417025690138047,-0.49871271484111673,0.37208782920599837,0.38251346272136283,0.7494864163386789,0.0437467744270325,110.58333333333331,71.70833333333333
2025-02-20,-0.9304538411368187,-0.5232967380228348,0.4080257308709897,0.6217184523570988,0.20948062788379024,0.02075543110688949,82.33333333333333,61.125
2025-02-21,-0.7615507150824713,-0.6072933459943193,0.4565662339833227,0.09844967491103805,-0.01884294439664895,0.31818062255393403,73.625,52.5
2025-02-22,-0.9297893429052227,-0.22075366529718382,0.2599834830060272,0.1868400907540438,0.1452463403149659,0.31438270438296934,71.45833333333333,48.29166666666666
2025-02-23,-1.6123339075666878,0.04889086087155115,0.1594388618770005,0.3054820313319362,0.31186846449855116,0.3398381172342558,61.0,35.208333333333336
2025-02-24,-1.5769433729372295,-0.3770908889949269,0.5212399383896044,-0.06176337415288084,0.012564396295086107,0.295675287589003,59.5,32.916666666666664
2025-02-25,-0.6485586938616527,-1.2694941262959203,0.9183756186635951,0.1726555627512456,-0.04330456347354215,-0.013240970577427508,68.54166666666667,44.208333333333336
2025-02-26,-0.1480104436429849,-1.487654966883327,0.999820735514325,0.3200103704393977,0.3532372778634117,-0.22406243028659878,87.20833333333333,63.458333333333336
2025-02-27,-1.032941477771033,-1.1175422012210823,0.18210237799511292,0.7067130442619862,0.7789364720786417,-0.2660119808914991,79.91666666666667,58.625
2025-02-28,-1.4286643126886973,-0.9632341682693677,-0.11940614265383806,0.6259824229676612,0.3212967936581942,-0.027603772341896593,66.70833333333333,40.208333333333336
2025-03-01,-1.8427087098912323,-0.6916825022796035,-0.15844917313714063,0.8462543267023197,0.48905229728840827,0.17151402569869742,62.083333333333336,35.5
2025-03-02,-2.210771906740573,-0.2911640932133254,-0.09455349712758875,0.887465964657294,0.609259352198719,0.05431239448808068,54.208333333333336,29.70833333333333
2025-03-03,-1.6146549076905985,0.2889235817723302,-0.20903024985134866,0.8838857223348598,1.0625427002600252,0.2183929143010237,57.958333333333336,33.0
2025-03-04,-1.2412076631824176,0.32870100219031717,-0.169686110912476,0.5627679679803155,0.6617832030638563,0.7920240215121302,58.833333333333336,33.833333333333336
2025-03-05,-0.8770238250705447,0.3921156906379093,0.017163998077641143,0.14683578846822393,0.1803271185768468,0.7228346035866925,66.125,40.0
2025-03-06,-0.157725796345108,-0.32326576425192793,0.17852959448980263,0.602487821149054,1.4164962160388712,-0.09678800541485992,89.79166666666667,53.208333333333336
2025-03-07,0.5191447854277657,-0.7442505451581479,1.082566017253701,0.7821720257621759,2.2438756739251478,-0.85319058234037,116.04166666666669,62.083333333333336
2025-03-08,-0.13079177876131923,-0.8399832351144042,2.1622824057707706,-0.46343096397215905,0.6364249099719891,-0.37608217515604564,82.29166666666667,61.75
2025-03-09,-0.9460767232264158,-0.6618495766636723,1.0946782130306998,0.32553258074937086,0.7287912798698999,-0.0497233544805051,76.125,55.375
2025-03-10,-1.4739438715902131,-0.976740037059618,0.6670538540824961,0.8185962310183408,0.25085095270841634,-0.09371038975622346,69.20833333333333,43.875
2025-03-11,-2.4597864568375774,-0.5267895398781929,-0.2837012285296817,0.5461444729449908,-0.09254509573901933,0.22072946150413222,58.79166666666666,32.333333333333336
2025-03-12,-2.3819247286309384,0.14693740500654215,-0.42024402794415483,0.5112022006719823,0.7070091253692368,0.4929203503512913,42.79166666666666,25.33333333333333
2025-03-13,-1.2351281516354797,1.1615191766506676,-0.09534964475631708,0.8770777368371668,1.326438443625947,0.5808927144255022,49.833333333333336,32.125
2025-03-14,-2.476357004944287,0.46881472126707074,0.09811919032943164,0.785582844146298,0.3732285308750297,0.6063214385087488,51.833333333333336,27.416666666666668
2025-03-15,-3.002039118287998,0.2612862166546177,0.5463773557834557,0.9609307448553515,0.38635438434118696,0.28093386515614155,44.708333333333336,25.20833333333333
2025-03-16,-3.036635237012904,0.732004914503908,0.09365173694336781,1.0390220887940829,0.752499852065432,0.4444914207725395,35.666666666666664,20.666666666666668
2025-03-17,-3.104890819741932,0.5342662208464218,0.18430790540161812,1.073087572036614,0.2707615624992446,0.3867597183119819,35.083333333333336,20.541666666666668
2025-03-18,-3.4676393005724773,0.3505433456732325,0.3362749084147516,1.266627232761133,0.18666474828629462,0.31557772279020296,34.625,20.45833333333333
2025-03-19,-3.2362366075971107,0.15402122549830388,0.34727095585415096,1.2921111826007192,0.0035449237186040597,0.28468229900139286,36.458333333333336,20.166666666666668
2025-03-20,-3.184509657132502,-0.0439834823178918,0.38321611295326063,1.3258372813016541,-0.17861639742024346,0.22768943217937562,46.333333333333336,24.0
2025-03-21,-2.4804874851001437,-0.419923327989252,0.2776402720830489,1.1898594475706268,0.32765808625731224,0.22428203461203133,41.04166666666666,29.20833333333333
2025-03-22,-1.6852231012980459,-0.5036469467765454,-0.07761122447436912,0.8065163463375402,0.23863310922133066,0.3401067842253378,55.54166666666666,30.666666666666668
2025-03-23,-1.2931819554341437,-0.545675438961301,0.012156654332343333,1.094304703693916,1.1041988789570845,0.6188277343348563,57.16666666666666,35.041666666666664
2025-03-24,-0.7058918845876978,-0.717224495060832,0.25536435733336066,0.38848374498885735,0.21102774167496444,0.4806607410457627,66.16666666666667,40.625
2025-03-25,-0.6137844254990014,-0.6053314900993713,0.8726409772505739,0.4758573379676823,0.2613378846554834,0.18804804702170289,73.375,52.0
2025-03-26,0.08714003992465703,-0.5859674346895156,0.40353762799873744,0.8440254483161838,0.6777242055739139,0.2897818179877918,81.625,61.458333333333336
2025-03-27,0.6492875823167887,-0.7740550543143424,0.6308218918496928,1.0734611406938512,0.9263657368626892,0.30718922980352303,93.58333333333331,65.625
2025-03-28,0.9474100618879936,-1.0395940624968731,0.5893167457049832,1.0267304619011366,0.9626778538738593,0.2448618550272171,102.95833333333331,65.45833333333333
2025-03-29,0.5734432349138086,-1.115122612580468,0.8215859739437648,0.40477577096328143,0.9387755197880665,0.37840116408751423,93.70833333333331,63.75
2025-03-30,0.2166750643208597,-1.2269497479707345,1.3335197770692544,0.035973985888583526,0.30000112240615706,0.4638104366826807,83.54166666666667,62.0
2025-03-31,0.9445287645323116,-1.795663703025887,2.2138264306636954,-0.6099735041915104,-0.2171419761134159,0.03252664050251117,91.66666666666669,65.33333333333333
2025-04-01,-0.10465904357188928,-1.2156932330310324,1.3521173103507333,0.2863018450174969,0.23116130907635513,-0.06570546366687367,97.25,67.33333333333333
2025-04-02,-1.2223559179596042,-1.0165933451511069,1.3079206777702759,0.5232946277669508,-0.026044525195988207,0.08442474093983582,82.66666666666667,60.875
2025-04-03,-2.1423004977491247,-0.14167278458605606,-0.3539841612444587,-0.01832883103372111,-0.30203279511206016,0.32264038299164843,59.16666666666666,33.166666666666664
2025-04-04,-1.8330664418859928,0.5630084889304784,-0.3829359415530833,0.10600873324923366,0.07429085535319191,0.6494689290499228,50.04166666666666,27.166666666666668
2025-04-05,-1.9235213621982772,0.3922364452740108,0.13401299924472346,0.8341629100672845,0.5724758848018148,0.7690185824691645,53.375,29.0
2025-04-06,-2.4397831439901574,0.6182710597113432,0.2549399447445301,1.1654556005225558,0.40346769516147607,0.6223759399839925,50.958333333333336,27.83333333333333
2025-04-07,-2.3201018075783923,0.024837192873554757,-0.10384797347053708,0.6311167126529669,0.050961099172456996,1.2233615568420764,41.833333333333336,23.125
2025-04-08,-2.6872840009285426,-0.2511811988580162,0.12869381850215988,0.5204952593223229,0.060037023760715034,0.7667698739104887,35.208333333333336,23.125
2025-04-09,-3.0731532405561497,-0.21388209890694732,0.13259079753425548,0.7947743820013727,-0.018225962206260018,0.7222534668904572,31.20833333333333,20.95833333333333
2025-04-10,0.1048231107538182,-0.32057247699335767,0.23073779198932998,0.40983959463178476,0.21057873190368895,0.7099022345587102,60.583333333333336,41.79166666666666
2025-04-11,2.2413027490153867,-2.0484540465224517,0.5201371938680578,0.3163522859179721,0.7545774307823047,0.7907223250462214,116.41666666666669,63.79166666666666
2025-04-12,2.7079955678213996,-1.6874191526416635,0.7421823052907774,0.3809060582872543,2.0066551605473846,0.12102063689354345,145.08333333333334,70.54166666666667
2025-04-13,0.5977341781870967,-0.8829449739748387,-0.10505966148272286,0.22606243536171453,1.0221863728022371,1.3063102192249114,90.125,56.708333333333336
2025-04-14,-0.35103985892194706,-0.9877534420632708,0.41759096261807405,0.17291872855529372,0.26590819866683285,1.1318429795332325,62.79166666666666,41.25
2025-04-15,-0.29411996961618836,-1.4104661448244704,1.675510666851728,-0.8346259469006492,0.04355133283341844,0.8132011649805524,64.70833333333333,40.41666666666666
2025-04-16,-0.7399692630667065,-1.613227868305726,2.7028588096198405,-1.5139214980821083,-0.3549742341379712,0.31912478065909716,64.5,37.79166666666666
2025-04-17,-0.44727933271967607,-1.6502828820293953,2.4984772880455264,-1.559541949606137,-0.6545255598106714,0.5541206059638131,68.125,42.458333333333336
2025-04-18,-0.2646407977409004,-1.4570492732183942,1.1171738971321652,-0.36940597297720346,-0.07802919394673742,0.8295530391975021,68.54166666666667,45.708333333333336
2025-04-19,0.6132708253864237,-1.4368313341124166,1.1663693703526605,-0.3270911332929242,0.007998986184972232,0.6133691990108432,76.79166666666667,52.458333333333336
2025-04-20,0.300900277866599,-1.514144348512643,1.29343733384086,-0.04573861928271226,0.2303983207581694,0.4416531521417162,84.625,61.375
2025-04-21,-0.6367880870455013,-1.3406044080633959,1.4968152470751577,0.12281763809433648,0.28151359121905534,0.13576831769037612,75.125,55.04166666666666
2025-04-22,-1.0471076554655572,-1.028192747016512,1.113231308875016,0.32738966714827744,0.4495256698480342,0.2640599894072665,67.20833333333333,43.75
2025-04-23,-1.7133860754243007,-0.6601238412484937,0.5955845012431168,1.156245453328829,0.871723154044648,0.027543595228667523,63.75,41.708333333333336
2025-04-24,-1.9458781063903432,-0.666262625693909,0.7411798644172969,1.2444299464750561,0.5512239173698384,-0.22894489501499574,54.29166666666666,38.16666666666666
2025-04-25,-1.7892156854277215,-0.8975493197442683,0.7699141162944407,1.0155492768508727,0.24917119094928888,-0.05443581576123717,58.5,36.66666666666666
2025-04-26,-1.8737241791610244,-0.8498879990910633,0.38496329876762003,1.1903873664254168,0.4491643960020673,0.03363199023227304,57.16666666666666,38.5
2025-04-27,-2.625642397143617,-0.3804876827905791,0.29946818720006063,1.1889587331441227,0.46391432801797283,0.09328504128145022,48.875,30.166666666666668
2025-04-28,-2.9862808714802744,-0.1617807647895151,0.1020165640419606,0.9296424437845823,0.011051767416670338,0.20263968884983807,37.208333333333336,25.625
2025-04-29,-2.872161970490426,-0.25650558596604656,0.10636069182859775,1.0938142275102334,0.23498865144871608,0.4387487931851675,33.916666666666664,27.08333333333333
2025-04-30,-1.8138281537610343,-0.7418755341936516,0.2973896538724095,1.1808940209748338,-0.06482589012949357,0.2650775304884805,46.583333333333336,38.75
2025-05-01,-1.1751821021388682,-0.602854875283723,0.6508998282218461,0.4309290115932034,-0.37992930878933895,0.6862890280849788,57.375,37.91666666666666
2025-05-02,-1.547852538961434,-0.90120481225122,0.6735451843473741,0.09474369774251115,-0.8158432291361148,1.1057291398874656,58.625,33.541666666666664
2025-05-03,-1.060572737826025,-0.7823439911020387,0.6077118918906054,0.03707700789001871,-0.24745684946213292,0.9446736606114887,56.708333333333336,37.583333333333336
2025-05-04,-1.2998319505391887,-0.8685536970966327,0.4119481832162013,0.45113263721585095,0.04103211334329025,0.9003378655431593,56.66666666666666,37.625
2025-05-05,0.4581391936557309,-1.0372959925801544,0.8387885527848784,0.7301199220045357,0.9444579985422569,-0.0944719376855137,96.125,52.583333333333336
2025-05-06,0.003942306601826239,-1.3271472277770013,0.3804091144775238,0.630758911072879,0.4644935794250395,0.4831812216760614,93.45833333333331,56.79166666666666
2025-05-07,0.652916414186074,-1.1641404903179502,0.408604662789312,0.3945737876174917,0.02550705834952064,0.9316649424783658,80.20833333333333,50.833333333333336
2025-05-08,1.4195176290758988,-1.3263499434995951,0.6379380036543436,0.2980452670304917,0.7493165486037937,0.5379657573436163,106.625,60.75
2025-05-09,0.6444941337962822,-1.0077609784653083,1.1026025996159914,0.5492431541897584,1.8048170311836547,0.0004224703635818481,107.95833333333331,62.25
2025-05-10,0.6795821517653322,-1.3130200924971531,0.4016502722606415,0.5913105125681681,0.33842906824805413,0.0930587129933674,95.45833333333331,57.625
2025-05-11,0.9076068195349628,-1.3976866573076003,1.1319465172528864,0.5554343321108041,0.3720023560912639,0.07946178270365599,101.125,63.708333333333336
2025-05-12,1.5027919326764463,-1.353998433340834,0.89139831624935,0.3227723656280195,1.2158545698862118,0.2167668098538483,117.70833333333331,66.79166666666667
2025-05-13,1.316540358631142,-1.5207132491625142,1.603877544866443,0.4788818258224465,1.2304078983748383,-0.2964265030578314,120.58333333333331,67.25
2025-05-14,0.2393748677297421,-1.0345420748388374,0.58818503877149,0.7409280086179167,0.9901219362852672,0.38980650765371105,95.0,62.125
2025-05-15,0.5454605516097798,-0.9298992782176185,0.6934683380498218,0.9992319731874181,0.6407752362713419,-0.07082878716327627,97.45833333333331,59.16666666666666
2025-05-16,1.8389000626549643,-1.6178175969422646,-0.16480248239790526,0.5470639625380139,0.24533344979585744,1.052444229140593,112.41666666666669,64.75
2025-05-17,2.838744374263176,-1.1905046128734331,-0.9339156310751859,-0.1728105370287611,0.24204083572100318,0.7437135388843426,104.125,65.5
2025-05-18,0.9049848629830924,-0.7965859143214765,-0.9553322258856911,-0.4215727752887753,0.27418747665050824,0.6067053039490546,100.83333333333331,68.5
2025-05-19,-2.019403538599391,0.889821699745292,-1.2953978079996202,-0.6198207090229694,0.8864626294770224,0.41507977619168335,53.5,31.625
2025-05-20,0.5930579659233228,0.45586494083868434,-0.5529582253269079,0.6209737894216207,1.6379000913053685,0.3081655036492475,80.33333333333333,46.25
2025-05-21,0.4543552405538336,0.8694806090162948,-1.0777150397201318,0.1019359926801324,2.3719959871075527,0.3036505089340043,82.79166666666667,52.0
2025-05-22,0.6363857064798355,-0.24261721780291723,2.424961651847262,-1.78485742262014,1.8260018337454904,-0.22846708090724788,72.83333333333333,47.125
2025-05-23,0.44754730661747294,-1.2197418253540846,4.228492493668933,-1.8076915924367707,1.1863345484103955,-0.9753422548654513,88.08333333333333,58.5
2025-05-24,-1.3303947627496215,0.7332234677912796,-0.10592927591263661,-0.048204698037830604,0.4137729325694208,-0.13772891736441423,66.58333333333333,45.958333333333336
2025-05-25,-1.8100357928010384,0.9244149130926952,-1.2012363712387324,-0.8375715162585007,0.005737981863247609,-0.35264909666922356,52.66666666666666,31.416666666666668
2025-05-26,-1.9156037292891672,0.7517180171835127,-1.2342157953147066,-0.5631184443256109,0.28442409913832917,-0.1647530317250262,42.875,28.625
2025-05-27,-2.2590247382820023,0.5046901508966388,-0.49073949509098735,-0.03362226682040467,0.20993974362573598,0.06257322395338244,40.875,28.33333333333333
2025-05-28,-2.2247723770713215,0.6072755842762206,-0.6279816456976476,-0.44172767314820505,0.15286206904413743,0.10992363964400578,39.0,25.875
2025-05-29,-2.2396650241979006,0.45224098560486775,-0.2902751642598902,0.46186523799881857,0.6598174043777778,0.2620765456188254,37.625,28.791666666666668
2025-05-30,-0.8772206159958899,0.46315539767540204,0.6024656869276602,-1.1370529239958183,0.3968187321131122,0.3610749314357878,48.583333333333336,32.458333333333336
2025-05-31,0.4687587661313584,-0.4548112272079758,2.62095337865943,-2.521017255973881,0.39668017701635494,0.3433446388608895,64.375,42.625
2025-06-01,0.2867329178756862,-0.7104288502759274,2.617434238909468,-1.569031123418421,0.6451358109220761,-0.07729061100659514,85.29166666666667,58.91666666666666
2025-06-02,-0.23014446535746433,-0.48259171140712037,1.7401830000908585,-0.3005629151917904,0.7997319115142499,-0.07471618981327553,75.75,52.625
2025-06-03,-0.8069015448470724,-0.09733427623388362,1.1560832445721394,0.46508597324478795,1.2531735228419845,0.2561816065038146,72.70833333333333,49.66666666666666
2025-06-04,-0.6830889373736112,-0.5150721537468677,1.1685386220494456,-0.12235913958424409,0.9890162289551594,-0.3215477207567844,70.95833333333333,45.66666666666666
2025-06-05,-0.18646268757471113,-1.6757945053602137,4.450963934894071,-2.9395720410698134,0.4533641198317766,-0.8600220203745723,65.33333333333333,43.833333333333336
2025-06-06,0.9043127686731494,-1.9611476888992772,4.51917354531083,-2.532211626717293,0.6782616195850081,-0.6804301435872188,82.70833333333333,61.04166666666666
2025-06-07,1.8293183699606674,-1.6428633953047762,4.814333281239736,-3.175205376389186,1.2384396206504917,-0.6694194444668783,98.33333333333331,64.33333333333333
2025-06-08,0.9130849129300121,-1.0586953131865384,2.1362032255231735,-0.6548324596761166,0.9988199392500333,-0.13318018596346443,108.0,65.95833333333333
2025-06-09,0.9869908984571213,-0.4852632115568131,0.8540793804505699,-0.7311937041084517,1.057918628174733,0.9704767092076082,89.375,59.458333333333336
2025-06-10,1.2031389790641163,-0.9422113523662069,1.4868603732169683,-1.4393914072442113,0.21178679653476995,1.1550384361743142,83.33333333333333,51.833333333333336
2025-06-11,2.80380800148796,-1.5123055993555343,3.500559937921017,-3.9480516517890942,-0.5193492164644202,0.7892441508993342,84.83333333333333,62.083333333333336
2025-06-12,1.0320038398677274,-0.7582948013779144,1.3989491655094628,-0.9104332709049809,1.0135122615434082,0.5589756798271538,100.25,65.04166666666667
2025-06-13,-0.5012725324945715,0.007845504881278484,0.30062670993292945,0.6424009353104292,1.3196593361795455,0.2033865459587467,80.70833333333333,53.91666666666666
2025-06-14,-1.2726091578418894,0.4075600041420717,-0.7930302534226246,-0.1316917080947277,0.728540506537731,-0.011294051313066692,58.79166666666666,39.41666666666666
2025-06-15,-1.942628650242939,0.5348992243117383,-0.6542114402091285,0.16931085395719686,0.6025794892126451,-0.023201643192198296,51.958333333333336,33.041666666666664
2025-06-16,-2.0587030255986165,0.6144390795083057,-0.5416208882549676,-0.1689568510303964,0.15465788942347916,-0.2406071152869292,43.54166666666666,29.875
2025-06-17,-1.7477559766897899,0.4820981517140239,-0.45977628877335475,-0.0059046441821887915,0.22827682251389794,0.08317491515989797,52.875,34.5
2025-06-18,-1.6720468931955144,-0.02509220352160771,-0.05516403894810985,-0.08728419369804429,0.10028217330271641,0.12025647931897086,48.41666666666666,33.916666666666664
2025-06-19,-1.5366401929470708,-0.04123601965865489,0.07087718568236606,0.050750997698950376,0.2987541961985404,0.2725709128478458,55.16666666666666,36.083333333333336
2025-06-20,-0.9519009261176763,-0.3676898427095501,0.8132388623021495,-0.43570268342000995,0.3805805931280586,0.19689379931519382,60.125,39.0
2025-06-21,-0.6106114716102565,-0.18810722806934924,1.5731646409292641,-0.9080960055485944,0.6310598860096853,0.11896682296107987,62.54166666666666,40.04166666666666
2025-06-22,-1.221825713651018,0.23998150449484787,0.2641496922082007,-1.0815433586243761,-0.09280643073486698,0.49755198652004906,57.79166666666666,34.916666666666664
2025-06-23,-1.4175215416724674,0.7077052860879673,-0.7539086618048774,-1.256926607514755,0.4946700749194167,0.810716453162654,44.458333333333336,25.70833333333333
2025-06-24,-1.551710769868726,0.5172023238701409,0.27338406662801507,-0.8834025014817556,-0.22131059973306041,0.6708776233780385,44.833333333333336,26.125
2025-06-25,-1.3691792158503122,0.2915093640557112,0.17063847875482904,-1.5074419175116502,-0.17628687310271038,0.6146981291572491,49.958333333333336,27.166666666666668
2025-06-26,-0.8056444355526322,0.012113732542744428,0.2311329610984379,-0.9242569363219645,0.05254168698441378,0.7810706518987881,54.5,33.5
2025-06-27,-1.3318901680955126,-0.206392316547438,1.2184708188336248,-0.5609345392879224,0.3495850512132284,0.3681888238882825,54.458333333333336,35.75
2025-06-28,-0.5800155966498292,-0.6143443450732442,0.556794391014328,-1.4752907712956824,-0.14325520088252003,0.6689620719376844,56.625,37.708333333333336
2025-06-29,-0.7429851424860456,-0.7944447381579921,1.3388096098760645,-1.2552419424201906,-0.17192653007933503,0.7917597539966447,54.208333333333336,36.208333333333336
2025-06-30,-0.4941394491306827,-0.3454220293539339,2.75857635854761,-2.6245103229749764,0.008436270950102054,0.33300199703127614,57.125,35.625
2025-07-01,-0.12939206238891415,-0.053829125565568285,2.2079697293905385,-3.1634754563197043,0.43879047703400964,0.17978419225528064,64.54166666666667,38.04166666666666
2025-07-02,-1.0366751309322773,0.31830643417576343,0.06092432261231262,-1.3762588163111682,0.5676211441290147,0.393998240818603,58.958333333333336,34.875
2025-07-03,-1.2754790464669121,1.0203555456274311,-0.3807094320876952,-1.0749858888811388,0.5347723073411326,0.5633626600770929,48.208333333333336,26.75
2025-07-04,-1.069692836566265,0.30509914071781047,1.0523792657357551,-0.7921778319836265,0.2972642849945956,0.4732928315110657,55.91666666666666,34.375
2025-07-05,-1.6257170077556946,0.5411509924147316,0.6842679462515894,-0.4361452030489536,0.6037833055620175,0.5302962721589707,53.79166666666666,33.666666666666664
2025-07-06,-1.7556776592041623,0.2769264067757528,0.8093674340355059,-0.8380046982344065,0.5762829461648236,0.5224868375642815,46.708333333333336,29.08333333333333
2025-07-07,-0.9874634284724725,-0.4689536454539818,2.135113690331122,-2.36931784508393,-0.3454470692578073,0.45073327423492554,43.79166666666666,28.666666666666668
2025-07-08,-0.7389441220957839,-0.8159155618073135,2.870071078190771,-1.9118521644295656,-0.20464433849610825,0.4672064160047749,56.04166666666666,36.458333333333336
2025-07-09,0.750713870159215,-0.9059919074958637,4.845599279012664,-3.9045444411247745,0.6803850974215473,-0.1173726573972205,72.75,53.91666666666666
2025-07-10,-0.7260907001756476,-0.6549206692018655,2.5082356370162855,-1.922338830892747,0.19700645368894684,0.478251257136025,66.29166666666667,44.833333333333336
2025-07-11,-1.2686469347310712,-0.7272067171587457,2.145128121174899,-0.9040832929182256,0.32245857354843127,-0.15060367759994955,57.54166666666666,38.208333333333336
2025-07-12,-1.678672129265114,0.3157156950448976,1.2999690123734142,-0.2386148622181867,0.8820808244705488,0.12917276635918468,58.41666666666666,37.875
2025-07-13,-0.5535286163857879,-0.0769795296810879,0.8861486215745926,-1.3086387475924575,1.0233997396299168,0.32571379606741374,54.54166666666666,36.625
2025-07-14,-0.5919406246121611,0.02128870210827152,1.8509618659341287,-1.385012565753554,1.4447463902442668,0.36700981046945064,59.75,38.04166666666666
2025-07-15,-1.433979058645724,0.4057186887230539,0.29318138653209214,-0.654634745950808,0.7509292855165589,0.4187229293924586,56.458333333333336,33.541666666666664
2025-07-16,-1.4772043908368964,0.11318859496638764,0.38630058166499864,-0.3052043766745788,0.40040286920357837,0.14984812743955755,51.0,34.5
2025-07-17,-1.3101654087851133,0.09649605580137104,-0.15294344025571124,-0.43530231581985923,0.44556349595288375,0.20145124331582331,53.833333333333336,35.708333333333336
2025-07-18,-1.3022260160752623,0.49600097182858194,0.09951579668173402,0.08826824941614488,0.9710628758770382,0.09388061557695129,54.625,37.16666666666666
2025-07-19,-1.1733483156166447,1.0251445389108114,0.06200636562000166,-0.10501140853963538,1.055258637090011,0.49293896614869803,54.25,34.125
2025-07-20,-1.4511053939665248,0.9467201935903937,-0.6585868127159843,-1.517024707086034,0.2287713055314777,0.2706515961895327,49.66666666666666,27.70833333333333
2025-07-21,-1.6150720166415142,1.3482309652026971,-1.1267412644328285,-1.5586026062152663,0.567181697795552,-0.01775657712265381,45.083333333333336,23.291666666666668
2025-07-22,-1.8324562207989679,0.7565968404786839,0.020760844619652555,-0.11752527986735596,1.347926316021682,0.35830430354034615,41.583333333333336,28.625
2025-07-23,-1.5063379255712603,0.7670179236561699,-1.8266538198831654,-1.5406876770940734,0.5629885536471884,0.02293280878781002,35.25,24.416666666666668
2025-07-24,-1.8136145571245594,1.254568278186201,-1.0394762061924663,-0.7906997009807625,0.6832914830525854,0.16369643311475335,42.833333333333336,24.58333333333333
2025-07-25,-1.8060760993684615,0.8146208008335939,-0.7139545698378406,-0.8954062087782937,0.4483434617548795,0.10807674625851302,44.54166666666666,25.541666666666668
2025-07-26,-1.7621712337261066,0.22796274314980416,0.6147278577498134,-1.3436619939103278,0.5113737310900373,0.006519898479769605,45.5,26.125
2025-07-27,-2.0169056924202797,0.6461764790479205,0.6303557696409806,-0.6243128333209981,0.2134294567030409,0.33869501573518473,48.0,27.45833333333333
2025-07-28,-1.2322041107804156,-0.03211381988922184,1.0515730459107437,-1.3716191157862574,-0.16566369624391863,0.5725193433684986,51.208333333333336,30.58333333333333
2025-07-29,-1.71641795168318,0.02004641787252422,1.4147474237513569,-1.4853931457198237,-0.36568994442996566,0.6118086327792193,51.5,27.791666666666668
2025-07-30,-1.1454165570132524,-0.4719469874290461,1.692725673831451,-1.2429981630733604,-0.10242978062695851,0.5836409726974682,47.04166666666666,31.541666666666668
2025-07-31,0.33631254613654143,-1.0702822898269175,4.312154362005678,-3.699016148051885,0.16009056316941805,-0.37359537593810566,65.58333333333333,43.083333333333336
2025-08-01,0.8632580102155201,-1.5924350389847968,4.26700108453875,-2.633456621214439,0.5822687998301975,-0.5788052518520758,86.375,59.833333333333336
2025-08-02,1.2347436086166392,-1.8549192462006656,4.910863151269713,-3.411600552294703,0.8077838406948915,-0.46152970020767214,87.20833333333333,62.29166666666666
2025-08-03,0.7492008878181816,-1.1854684223906669,2.6820009432934007,-1.1304048765759724,0.4676159435274634,0.1679707350041115,88.79166666666667,60.583333333333336
2025-08-04,0.4522385330931488,-0.5279293348912895,0.9220808392354829,-1.144223589854013,0.3467090409546525,0.4573599201518919,79.16666666666667,59.29166666666666
2025-08-05,0.8093922020772877,-0.719370190457468,0.7759724324126279,-0.2654455544208022,0.5308043542261434,0.524845847144526,88.875,59.708333333333336
2025-08-06,0.46741139915598423,-0.2986879134082471,0.37206330255863324,0.632286085577397,1.4030391296737172,0.5252440993152477,95.25,57.79166666666666
2025-08-07,-0.44299417551014814,0.03315687541599329,0.1038270069013635,1.1191226978217734,1.2263884193825,0.346719111474837,77.45833333333333,48.5
2025-08-08,-0.770340924558046,0.051041146596996156,-0.15466715417620022,0.9954699019818943,1.0890505429631234,0.28991877039241576,70.0,46.04166666666666
2025-08-09,0.1943951400070634,0.42566569260289716,-0.5660008647907123,0.4115158338229485,1.4933018622332384,0.4880453248439806,72.75,44.54166666666666
2025-08-10,0.1289701648940224,0.4486048580489222,-0.052681915386559086,0.15836395454285468,1.0775765789171743,0.5298634447160198,76.625,51.208333333333336
2025-08-11,-0.9993129035250904,1.0064695451381618,0.3975825359976814,-0.5252356112479925,1.1379710451043055,0.7029189299533193,61.04166666666666,36.66666666666666
2025-08-12,-1.1841776987872763,1.1112892000466572,-0.5512861258379494,-1.7093001449402394,0.5414995649544437,0.4176542659963683,55.79166666666666,30.375
2025-08-13,-1.5671931744398802,1.4405657907500324,-1.307206334520184,-1.5692381905197004,0.5542895981024251,0.4471501452674918,48.625,23.666666666666668
2025-08-14,-0.8253296561942979,1.1212965455453718,-0.2659528784077015,0.45173405809652806,1.627142605641227,0.6937937938653203,53.5,35.708333333333336
2025-08-15,-0.74515140447113,0.6604860452149252,-0.3711033323176522,-0.2828333994924665,1.123839846324345,0.5267759546476641,58.833333333333336,38.66666666666666
2025-08-16,-1.0460281367679458,0.9263277501479347,-1.0775305645007702,-2.028315324494148,0.4617778058546206,0.3740499855841142,55.083333333333336,29.791666666666668
2025-08-17,-0.8333205964696886,1.7399808970536483,-1.1097279103430242,-1.6897460607919919,0.9340339680776707,0.7750852170831644,53.41666666666666,27.58333333333333
2025-08-18,-1.6500630845498863,1.0838215343610795,-1.4869166849215545,-1.2216249469058786,0.5041787156579066,0.26499532368379713,45.958333333333336,26.166666666666668
2025-08-19,-1.0050960176279244,1.048781658359994,-0.5712698869088083,-0.8710899503534775,1.3511474582109186,0.7459790981141536,48.458333333333336,28.0
2025-08-20,-0.9812773086405234,0.45728137351680465,0.3823363745264815,0.2553151516605348,1.1217921818837822,0.6159372223872602,55.708333333333336,37.833333333333336
2025-08-21,-0.5933558071817092,0.12571040463497962,1.3316406654107622,-0.21762136701765034,0.8179853248721026,0.14510743762824246,65.91666666666667,42.79166666666666
2025-08-22,-0.27783126641356554,-0.4523156929492808,0.9216327789563393,-0.07411334095036747,0.5933498772392163,0.19102600950480553,70.04166666666667,45.91666666666666
2025-08-23,-0.3753835387680149,0.15457825387841637,0.5331031523092047,-1.0737883750753086,1.085458273902268,0.4227924152338826,64.58333333333333,41.708333333333336
2025-08-24,0.08973850830696316,-0.025179868245894365,0.9860574722026129,0.6185282920969345,2.039911997043191,0.26821377817900566,85.45833333333333,50.79166666666666
2025-08-25,-0.743010703868706,0.008894396253902903,0.48924699064555754,0.8048945512979203,1.3088964634246971,-0.07822761046599629,71.625,44.75
2025-08-26,-0.03958270688992474,0.5803001072143357,0.43430307167787735,0.8022070619790214,0.8983430346481656,-0.031202979790314552,75.79166666666667,49.5
2025-08-27,-1.7542680485239732,1.454952284484909,-1.14063231510002,-1.1616942249488564,-0.0955288795127458,0.1833236142968378,68.5,45.458333333333336
2025-08-28,-1.4701161832507323,0.6225601521655019,-0.9522784950273854,-0.343824070207533,0.562675837761597,0.2152057258116495,43.0,27.5
2025-08-29,-1.808729296508995,0.5286542055008067,-0.08561556230259997,0.6396479702250291,0.6484415456972887,0.22984869118263285,54.333333333333336,34.666666666666664
2025-08-30,-1.1165847077809414,0.33480249543920193,0.5415648283482087,0.39871696018171016,0.8357696420764948,0.22834764143280314,61.54166666666666,39.458333333333336
2025-08-31,-0.43353103828631584,0.5138732463765509,0.7447412155636002,-1.280696933971922,0.43012997177494494,0.4768533517337607,60.875,36.333333333333336
2025-09-01,-0.7792537621288805,1.1012601313128485,0.2837095583286289,-1.8873586701343266,0.36925831318988667,0.6007378827835085,59.583333333333336,33.166666666666664
2025-09-02,-1.1070260500257914,0.4267098826459627,0.6956190348642886,-1.9516710537147084,-0.06776534509856676,0.30583026603036406,57.125,31.916666666666668
2025-09-03,-1.5328830439819547,0.4958582110811103,0.21923835021731233,-0.6155313708729224,0.6528512736349068,0.33065084148249124,52.583333333333336,32.583333333333336
2025-09-04,-1.0567766054472214,0.196744946714945,0.6032730605416708,-0.22266419461167672,0.16910342321827823,0.18742014911155946,53.375,34.666666666666664
2025-09-05,-0.7786278235969961,-0.24990960452012023,1.58430356070044,0.23891058110094876,0.7047985292367561,-0.1228396979133506,72.25,47.583333333333336
2025-09-06,0.28700514595360527,-0.965985355641446,1.7473524533875673,0.019072042426388658,0.9622754289795005,-0.31389514551152653,85.66666666666667,52.04166666666666
2025-09-07,-0.04008252989264518,-0.8282165756870034,1.0451150850660462,0.43697669532811123,1.0376801570639067,-0.09232344638910893,95.375,59.79166666666666
2025-09-08,-0.6761694681821656,-0.45098039391492345,0.8220743613583794,0.47450584219672154,0.6806584857690023,-0.19606917626542555,80.29166666666667,52.958333333333336
2025-09-09,0.04909598580580505,-0.5750390316311396,0.10979685983868986,0.40529802625560096,0.5708071367873341,-0.06854850410142106,78.625,50.375
2025-09-10,-0.3434347422316245,-0.4250532638609288,0.12766216317337484,0.9516628368800008,0.8429178438360576,0.34897367523703365,79.79166666666667,51.958333333333336
2025-09-11,-0.30079322885194626,0.14583572870708783,-0.5022696954240383,0.0919109001096159,0.800080390238071,0.37159789170896135,69.08333333333333,43.91666666666666
2025-09-12,0.8149305248712185,0.8787159460467459,-0.2045497383622326,-0.08734070483721659,1.3722238261294308,0.8205098672545644,73.875,47.66666666666666
2025-09-13,1.4617552818919926,0.8264259670948473,-0.023352457842263256,-0.5066028752449477,1.0608961555850334,0.4326338424248213,82.79166666666667,61.5
2025-09-14,0.9605718882658487,-0.9869164503436959,0.3917813710007509,-0.08394965623497323,0.630439593025564,0.4480897642623733,86.20833333333333,62.583333333333336
2025-09-15,0.5375099728209597,-0.9591168449077996,0.5685940611936249,0.551466119896678,1.0531847331329407,-0.39223407382127484,106.58333333333331,63.458333333333336
2025-09-16,-0.2601355886344546,-0.06146732313273015,0.13357242179310133,0.36805531911241945,0.9691719974634243,0.21973437165122842,80.75,52.91666666666666
2025-09-17,-0.8238711795833163,0.06328527509219611,-0.014378295780253108,0.6650069948158038,0.8607582082737831,0.41081227844853296,64.0,42.91666666666666
2025-09-18,0.032610256226663095,0.06328388646528713,-0.3453731196815758,0.7124783750589715,1.368974619580938,0.35757627836041544,79.25,47.16666666666666
2025-09-19,-0.7062217888465151,0.6977554147476487,-0.36206497543669447,0.3328007581186864,1.5233744556249984,0.5002966516025228,66.91666666666667,42.54166666666666
2025-09-20,-0.9957097811487033,1.177638110861871,0.057941762790227704,-0.5910678821742048,1.1192670872777941,0.26717807906020175,55.083333333333336,34.708333333333336
2025-09-21,-0.3167293043149933,0.8834355384885797,0.02264842092435904,-0.9435084892009584,1.611117335424001,0.2678993122311007,59.708333333333336,37.708333333333336
2025-09-22,-0.5519817418118728,0.661892983034635,-0.03639852608207062,-0.33312119060865386,1.6505299197208139,0.4117648555232787,59.208333333333336,38.375
2025-09-23,-1.2773940441274705,0.7189786470579923,-0.39557144369390285,-0.32581844673250754,1.197295619000816,0.8076899192034276,53.79166666666666,30.58333333333333
2025-09-24,-1.1495462576452504,1.0405015482133075,-0.37816717638754954,-0.5501774245074091,1.3220199117400577,1.1273294068554742,46.708333333333336,27.416666666666668
2025-09-25,-1.4630528684333395,0.597438680874638,0.3934204284365948,0.47823120758078086,0.7692544204332777,0.6482161632796455,54.16666666666666,35.083333333333336
2025-09-26,-1.60669226873125,1.185590115120313,-0.3420107003885685,0.048797346313754486,1.1065708855699867,0.9207570359517122,48.958333333333336,29.25
2025-09-27,-1.4223426006404913,1.047359741414969,-0.2673446771285485,0.21903245772766902,1.4361111498831796,0.9471651730061413,51.29166666666666,32.083333333333336
2025-09-28,-1.2452166651931251,0.741612063431414,0.056324265851470046,0.3804104887883878,1.1265317087166535,0.4734026510991516,54.208333333333336,35.708333333333336
2025-09-29,-0.8979529284709357,0.8991558824927605,-0.4414608255917934,-1.023120644880583,0.48931951107747623,0.16716083101719362,59.29166666666666,34.166666666666664
2025-09-30,0.10552545202546386,1.2146589355764363,0.862739796537175,-2.7449734428872814,0.4149263008988738,-0.16075532934710235,64.625,38.54166666666666
2025-10-01,-0.2999537505956305,2.0412792731372535,-1.0553516776332004,-2.3707691267140043,0.9161730514545195,0.4319207167197346,69.625,45.25
2025-10-02,-0.038510642894323655,1.0676832471575137,-0.16544250525151086,-0.11272184325358059,2.0487711139695306,0.5395661209753845,65.25,41.833333333333336
2025-10-03,-0.6534886239382766,0.451929462026731,-0.38493069813160546,-0.3975888779052848,0.770770276972488,-0.02843164929117174,65.20833333333333,41.41666666666666
2025-10-04,-0.31876261819842633,0.4821754076131992,-0.6443938836730552,0.19050939464239755,2.1982855740529184,0.2505136350609164,70.33333333333333,44.083333333333336
2025-10-05,-0.07898516634058127,0.6616793957911471,-0.07825680939328687,0.5441858170607139,2.030282803898494,0.25960953841247775,75.25,45.333333333333336
2025-10-06,0.4334285625677756,0.2885068926113331,-0.3431673713659991,0.6272682887720551,2.622215356120707,0.46245963003164287,88.70833333333333,52.875
2025-10-07,1.9839181217204154,0.8040239813121474,-0.7122100023139861,0.13328772412244957,4.751669493564102,1.3091801591577648,90.45833333333331,49.583333333333336
2025-10-08,1.5768642397272405,-0.2464462722170453,-0.8402876338014674,-0.24436670749397552,2.549928682203373,1.3522248178293736,82.54166666666667,53.833333333333336
2025-10-09,0.6246911591932075,-0.2437382821902775,-0.046065110696965596,0.5524259417299857,1.2992186469712799,0.5560152094209261,84.25,52.91666666666666
2025-10-10,-0.2124650580632053,0.0855503102721682,0.17027853166845439,0.22003611198938447,0.861935181489909,0.004016991364158624,74.70833333333333,54.333333333333336
2025-10-11,1.3878961986904927,-0.1601166639065951,-0.24933912088114538,0.2548078196594058,1.4173872356284067,0.18378471846686079,99.375,60.125
2025-10-12,0.2159143027468999,0.08755932163248578,-0.7252230235357856,0.22653269247758046,1.8425856648447312,1.1854636164066754,74.25,51.25
2025-10-13,-0.5106948690726753,-0.12263979021792243,-1.0334177517454661,0.031250708721961555,0.911226479395142,0.6330333369956089,64.875,42.04166666666666
2025-10-14,-2.9892992025687595,-0.08431781058496321,-0.09787736146393371,0.6899828310021728,-0.00722586696101416,0.29410545021704376,47.16666666666666,23.666666666666668
2025-10-15,-3.5065263646882765,-0.09981010582965145,-1.1974008213765004,-0.5134724531904648,-0.5429150965602219,-0.046176697012534386,29.291666666666668,17.208333333333332
2025-10-16,-3.5804051395681498,-0.008877516820998053,-0.6785918514348604,0.09522784241452806,-0.2534532275169302,0.17455757601221292,21.791666666666668,16.916666666666668
2025-10-17,-3.6581507089397376,0.20070137914580535,-1.1625904311010167,-0.5750216602966113,-0.5361159658117515,0.2012695674219841,18.08333333333333,11.333333333333334
2025-10-18,-3.021378517482787,0.3287620061709884,-1.4736388153992037,-0.8475135448263884,-0.14988270213464944,0.3070923414983385,21.75,12.708333333333334
2025-10-19,-3.2061494304046927,0.38866748485255465,-0.676163059739462,0.024854596249303994,-0.14117219802550393,0.3130208347197167,27.58333333333333,16.083333333333332
2025-10-20,-3.2661030965395628,-0.11942197348000423,-1.3969922392509555,-0.7387726676496691,-0.5827355001533143,-0.06524194131804928,27.375,17.041666666666668
2025-10-21,-3.0212349768984166,-0.6151129395617186,-1.8704260625593014,-1.1180795009897722,-0.5838541865091404,-0.36161164040354593,25.5,22.916666666666668
2025-10-22,-2.5862712643382353,-0.41164724615685194,-2.5484461344717997,-1.8994638631220073,-0.5218420141398459,-0.4880413954534788,25.95833333333333,21.70833333333333
2025-10-23,0.5627960779379567,0.9887200949769654,-1.734736699081771,-0.801818989052065,1.8784763735180583,1.0165601457141757,41.25,31.375
2025-10-24,1.406618455109382,2.1811772426553695,-2.8167206233258986,-2.12441636336025,2.388427104390698,0.9416603091348728,71.41666666666667,48.208333333333336
2025-10-25,-0.7261762294309729,1.5710412385861925,-1.2537021236626007,-0.44420900623236415,1.7987525909185675,0.8807498729722311,62.16666666666666,36.0
2025-10-26,-1.7846290765250212,0.24401994393341692,-1.661681047252398,-0.6809852083725041,1.3353462832678582,0.42499320787471834,34.333333333333336,25.25
2025-10-27,-1.5479410667735678,0.3188077346963936,-2.9300228586071935,-2.1536055466940476,0.6829276813843812,-0.5027390768265385,34.625,26.33333333333333
2025-10-28,-1.3767700919403274,0.9339870408796228,-2.581863566007395,-2.0780375880819166,0.4554939378998582,0.18200050073517032,34.083333333333336,19.041666666666668
2025-10-29,-0.8208004390721362,0.35139833280929544,-0.790333183226987,0.3378598987212823,1.350594106502267,0.2727272409881812,60.29166666666666,40.04166666666666
2025-10-30,-0.7172532389800225,0.07415725614721369,-0.5028414166431845,0.6020648874521374,1.2209482741490492,0.11278660252027893,68.375,41.91666666666666
2025-10-31,0.068114137654928,0.024946115584006785,-0.3729030438550528,0.37592590441126295,1.6157668489606947,-0.03189371855736819,79.45833333333333,49.708333333333336
2025-11-01,0.5638094383264487,-0.2807098788373713,-0.5705020285335771,0.21122579777390113,1.1513982187840022,-0.08183563871399986,80.91666666666667,55.083333333333336
2025-11-02,2.520819897734651,0.3258080369988659,-0.9365723275291638,0.07875604558856562,2.870738940911222,0.9900535832156446,96.375,58.875
2025-11-03,3.130258253912531,0.900717365642974,-0.8667144377966238,0.059962902729542376,2.3852979358475026,0.7135991345005495,109.70833333333331,67.45833333333333
2025-11-04,1.278401754731818,0.5438540305186361,-1.0897719484751693,-0.0677857341489345,1.9463940501228698,1.189688033942868,89.70833333333333,63.79166666666666
2025-11-05,1.1434859263238861,-0.13207153160478505,-1.788539637661656,-0.6662070119605046,1.6379452370803025,1.2510342035549276,73.79166666666667,53.29166666666666
2025-11-06,0.11708976943157956,-0.1509828269976362,-1.5609244041587784,-0.5001660445453899,1.5176988127238096,1.1990709307240524,62.875,42.54166666666666
2025-11-07,1.18877730395705,-0.22187815357585233,-1.0842103357707666,-0.06959395277310332,1.3420666959385785,1.0069643535052815,69.08333333333333,47.16666666666666
2025-11-08,2.0906678694339176,-1.1366567767783833,-0.8725119296063133,-0.0027036474639702116,0.6138290838187203,0.48306872078418356,94.83333333333331,66.45833333333333
2025-11-09,3.574675996299517,-2.0815040882335807,-0.8720928150111258,-0.2654737753819399,-0.026754957576326496,1.1649074323579227,118.79166666666669,74.41666666666667
2025-11-10,2.9405520133888294,-1.9728121512983798,-0.8924164993987093,-0.03614603277053285,0.13039955814828044,0.6392321437299529,114.16666666666669,72.25
2025-11-11,2.7363309531417843,-2.128240437704374,-0.5203403291405434,-0.049180964856666655,-0.4399064359997442,0.6798730695282525,124.20833333333331,76.08333333333333
2025-11-12,1.7293125684863946,-1.620806423431513,-0.46880641459810846,0.3072325212047309,0.42653132951322453,-0.08779502771211216,121.5,75.29166666666667
2025-11-13,2.937419449724603,-2.173907169508523,-1.0348471582963539,-0.4902363537993258,-0.046391644288820644,0.8866979185092911,108.20833333333331,71.0
2025-11-14,1.9657470387636562,-2.08698053354543,0.10577655083660903,-0.1396820109922662,0.5875230550575776,-0.1657172314402517,109.20833333333331,71.33333333333333
2025-11-15,2.730908515588218,-2.419913850809062,-0.12106386810641953,-0.8303374598553108,-0.27103530325331543,0.36924848591074877,114.20833333333331,72.91666666666667
2025-11-16,2.6898055944051773,-2.712701938923387,-0.9842998049666631,-0.9477539821777469,-0.6972560276792977,0.24445108753783665,121.66666666666669,75.41666666666667
2025-11-17,1.3391075399380916,-1.9706456057498416,-1.9526432994508567,-1.1027560098946094,0.23537310250839816,0.10759695815256437,107.54166666666669,70.70833333333333
2025-11-18,-1.4477863228656214,-0.8799363063163236,-1.4469150856543256,-0.21477934187714232,0.7848286016994928,-0.12274437681969623,60.16666666666666,41.0
2025-11-19,-0.2411629429447603,-1.2454018362510122,-0.8504112547134139,0.5182705599932147,1.0899532948393118,-0.19851232636125574,67.29166666666667,48.625
2025-11-20,-1.0078814088868846,-1.0703079641230244,-1.321339369460026,0.045052120259959444,1.0284701028571688,-0.32387376216535874,71.83333333333333,45.625
2025-11-21,-2.9454931811517953,-0.4561619627044407,-1.274150451733186,-0.2734657663301364,0.2219909250180284,-0.2886945601184825,39.0,26.5
2025-11-22,-2.483272599277743,-0.5568367791394901,-1.365212096147825,-0.30381099444234794,0.45098316343739314,-0.1604825329982425,33.125,28.666666666666668
2025-11-23,-2.330363926412173,-0.6389185921917597,-1.4532122236628044,-0.4169750007225017,0.29400884747259176,-0.18402266346589258,33.0,29.041666666666668
2025-11-24,-0.19753797293448616,-1.3274728849529556,-1.1481565616912734,-0.3278632236586134,0.22332884742811063,-0.25473210684152436,49.083333333333336,40.625
2025-11-25,1.2082850945419854,-2.0443288692226163,-0.5956610435449713,0.33324868488505277,0.1947698262533523,-0.385805805865118,93.79166666666669,65.91666666666667
2025-11-26,1.8286416154420533,-2.3211769931904156,-0.39242845400254484,-0.0833509866577007,-0.3903950529822652,-0.2696451953933014,109.66666666666669,71.45833333333333
2025-11-27,2.34950860688309,-2.4778861190407273,-0.8540552360646941,0.0907510474263289,-0.25593014630394084,-0.2578237191312918,119.0,74.54166666666667
2025-11-28,0.712658300941027,-1.9637124215922568,-0.7907102515337523,0.2606523446685785,0.1859477254040017,-0.25835905046887797,107.66666666666669,70.75
2025-11-29,-1.9731158198923469,-1.233944828772143,-1.9004610347462598,-0.7654855268635027,0.11438120352331076,-0.6998425104743893,64.66666666666667,46.29166666666666
2025-11-30,-1.8955113475677614,-1.3026817570521525,-2.8271974223177647,-1.7557473252040214,0.06388943732088843,-0.9793386469830703,42.583333333333336,36.75
2025-12-01,-1.6957596154309091,-1.1229370895420896,-2.4859527568334694,-1.281595838872757,0.6412534726312514,-0.7301540000145854,43.583333333333336,37.625
2025-12-02,-1.4010171166852423,-1.1213805020844008,-2.747370028693424,-1.5552694536152385,0.72240298424859,-0.7233963161298345,43.208333333333336,37.41666666666666
2025-12-03,-1.1822905531207066,-0.6508264220054044,-2.033810885406675,-0.9270308277297346,0.8982417048794147,-0.016166355477216524,45.375,35.041666666666664
2025-12-04,-1.462743907607086,-0.6811584899377433,-2.2231797094374017,-1.296327055706364,0.27835624763923145,0.04097123617409163,38.958333333333336,28.95833333333333
2025-12-05,2.7828068431652433,-2.4223967669462416,-1.0253201916527557,0.19456629266266634,-0.6066147158020898,1.0128694114017907,79.875,57.625
2025-12-06,2.4538050073918902,-2.1361423469766736,-0.6911484056561931,0.3769761954198587,-0.3249137550295058,0.6147027662419479,134.58333333333334,79.41666666666667
2025-12-07,2.0153845989103636,-1.9944750773244264,-1.1612252680147641,0.006684189452483866,-0.0884981179209694,0.24131668951309124,116.29166666666669,73.66666666666667
2025-12-08,1.3221572726489779,-1.8351222244524756,-0.8422356271387724,0.4288653813967937,0.5344423097286479,-0.11458496094265999,100.41666666666669,68.41666666666667
2025-12-09,1.785066496947164,-1.840169773406745,-0.5795816059678631,0.6672114126647702,0.9017131197790804,-0.2939239084321833,105.04166666666669,69.0
2025-12-10,3.734418258227872,-2.3087773693218425,-0.06679737840103482,0.05905032811431449,0.1237550216627245,-0.161353538518298,120.04166666666669,74.79166666666667
2025-12-11,4.330313374734457,-2.513388155598974,-0.2072506744766768,0.23028855798461176,0.43152603263938044,0.0013425950306996926,152.95833333333334,89.0
2025-12-12,2.0173845316706394,-2.0030046690205814,-0.3935676394628253,0.34795316961924944,0.486482334613912,-0.716738442896557,133.75,79.54166666666667
2025-12-13,0.743049455667119,-1.4289008683590672,-0.42901994164690493,0.18266914575590862,1.2039901006178708,-0.6748501239328693,102.33333333333331,69.0
2025-12-14,1.0141885239874207,-1.6600022972129895,-0.37725444034934424,0.15007851915697193,0.8017303516697961,-0.6545826174543804,89.04166666666667,64.16666666666667
2025-12-15,2.5012411301772794,-2.1054503359317165,-0.11638009617702039,0.013229529676710466,0.47543612934219964,-0.47195328650590784,111.45833333333331,72.04166666666667
2025-12-16,-0.9878546414953223,-1.2602797056718937,-1.1922346079576447,-0.47796890930569763,0.09864106087868868,-0.41872341355832066,110.04166666666669,70.375
2025-12-17,-0.9768805399597703,-1.1066063847829746,-0.7625448260109707,0.15322623452649387,0.7661908306314503,-0.41818378656646066,48.66666666666666,41.708333333333336
2025-12-18,2.8733509483817614,-1.8883504573421488,-0.5627532898001874,-0.10486652355710219,0.7152554930168864,-0.3308884221609737,100.04166666666669,67.5
2025-12-19,3.7818611456633833,-1.5554104293095816,-0.363181963937475,0.16214698938023803,0.6944822029956947,-0.1513321785507673,145.08333333333334,83.0
2025-12-20,6.2971968804957665,-2.3333481980731863,-0.3150036709584985,-1.0418915251686365,-0.9368477448838658,1.1022787404461525,154.08333333333334,90.54166666666669
2025-12-21,3.5284278027666556,-2.223431163519454,0.297910693006158,-0.7751274300783433,-0.4493001107165491,0.6748753741638212,158.04166666666666,96.625
2025-12-22,-0.005540399566329899,-1.2975997238666672,-0.7674120667640721,-0.6066555502528983,-0.00973374873006815,-0.12425064723755484,97.58333333333331,67.125
2025-12-23,1.4652311510323972,-1.4332604566433589,-0.7513000522253248,-0.1910387154248765,0.7009073818732573,-0.08321136054908529,93.41666666666669,65.91666666666667
2025-12-24,1.0139698115545026,-1.317952410594397,-0.7793553847968123,-0.045418524070736654,0.46863701775620153,0.07765097095009213,108.83333333333331,71.25
2025-12-25,1.1113512831643892,-1.4589638637285811,-1.33005821532651,-0.30371265815567305,0.40715619853740653,0.3384691643047602,94.125,66.20833333333333
2025-12-26,1.411798819318608,-1.6381743639292028,-0.9019246321486405,0.19973071010597052,0.3919578634096921,-0.18809488730008603,93.54166666666669,65.95833333333333
2025-12-27,1.032559191933259,-1.5159767785361797,-1.145339023920085,0.06546015367291193,0.5544090336820946,-0.07051272425743159,103.04166666666669,69.375
2025-12-28,2.1981502580962293,-1.7195766316361478,-1.0423998149393952,0.06532195256753859,0.3130209414181895,0.3324785902995482,99.66666666666669,68.0
2025-12-29,2.939138709178189,-1.8733620164898912,-0.7893705052024131,0.3519141930226102,-0.06483207205607767,0.3234244991812374,133.20833333333334,78.95833333333333
2025-12-30,3.2600498698283507,-1.767697207296984,-1.1244009206535566,0.0959508672648101,0.015157033190675684,0.24722110726836177,138.125,80.5
2025-12-31,1.2604046510719242,-1.4572607996131848,-1.230535583802002,-0.05353282650916307,0.2956830521680001,0.20886077267111042,132.04166666666666,78.58333333333333
2026-01-01,2.3718300399396592,-1.844507984111655,-1.7483023431539009,-0.9862907030084938,-0.4487271045984791,0.4805779804566037,100.25,68.16666666666667
2026-01-02,3.798727602756761,-2.256505494755378,-1.0125237133941638,0.14825240990001431,0.004714506714837994,1.2345773662837178,129.0,77.66666666666667
2026-01-03,2.653096357217927,-2.1902755961909026,-0.8615701831992064,0.3757821163208397,0.2514391930940721,0.4826938294722999,133.125,79.04166666666667
2026-01-04,1.1580767804351266,-1.646782643967497,-0.7444852503296931,0.13332413459964806,0.19200270121579202,-0.14273365455416137,101.91666666666669,69.04166666666667
2026-01-05,1.9576216646537,-1.8834101300575985,-0.44597801642395424,0.33693050801474717,0.002403848099083599,0.14508543650495287,102.58333333333331,69.33333333333333
2026-01-06,3.1705185497229933,-2.362133249993518,-0.8335727997678178,0.22820848554955345,-0.24840284955954295,0.890553847438796,133.375,79.16666666666667
2026-01-07,2.6342794405125454,-2.359918958313403,-0.09698287569985513,0.0551641989338608,-0.48268646174494517,-0.3357114944655666,140.16666666666666,81.20833333333333
2026-01-08,-0.11339588255735174,-1.6313636434880805,-0.4191225347576677,0.5876077390811486,0.3242199149102226,-0.7290048377372921,112.66666666666669,72.33333333333333
2026-01-09,0.012031376691569597,-1.8611353682067246,-1.4145279546406184,-0.6814303541858,0.04279054324919662,-1.081580571615156,79.625,60.54166666666666
2026-01-10,0.3321033754954298,-1.8415944941980915,-1.868374534792797,-0.5379929160382299,0.22183296791057588,-1.1179146931632669,88.83333333333333,59.708333333333336
2026-01-11,-0.309034883275581,-1.660189622743967,-2.519123176253044,-1.2767787277222815,0.2551678246847522,-1.2180971113349206,70.20833333333333,52.625
2026-01-12,0.36267880697278326,-1.7112265853099116,-1.5504111731510557,-0.3150386220884365,0.32357283265957515,-0.5392384979714168,76.29166666666667,56.79166666666666
2026-01-13,-0.059021710750250804,-1.3343512785091671,-0.7876105270447364,0.7513777082065156,0.9579930692923925,-0.4382098605619816,81.04166666666667,61.083333333333336
2026-01-14,0.44672572914129843,-0.6707704463727059,-0.9065526733674963,0.47166819860503045,1.6513058505250342,-0.0884182324935475,74.875,55.458333333333336
2026-01-15,2.5180799686792468,-0.7224689613102124,-1.14025851982771,0.11079466046629415,1.8053751952951123,0.8621358871610605,94.625,66.29166666666667
2026-01-16,2.5692194506619566,-1.2878002672505129,-0.8823730857967778,0.3035192343307983,0.7653680624145043,0.7427827515902156,108.0,71.0
2026-01-17,3.4448286937717336,-1.4378388318558428,-0.6960160231962552,0.3072377156367414,0.7863352214957264,0.280091463916994,136.0,79.875
2026-01-18,3.0417486464732746,-0.571075496034979,-0.8429415743813687,0.3667073887499807,2.318184978524255,0.1465702679390804,140.875,81.54166666666667
2026-01-19,2.1286955823057325,-0.5466601500881031,-0.6894099134759121,0.44490581427662984,1.8325416063396465,-0.24713272504306497,118.33333333333331,74.29166666666667
2026-01-20,2.560233329423862,-1.0513413351683318,-0.7152318906097389,0.5355040129036039,1.4631953006748721,-0.11776023745213689,117.875,74.04166666666667
2026-01-21,-0.14012713359137538,-1.0981363766405956,-0.491825410568339,0.27085271522799675,0.7390017061833672,-0.2399423752121678,108.375,70.95833333333333
2026-01-22,-0.016187003397105583,-1.4395018851819041,-0.6926364279855924,0.04206002421152366,0.11158351101763915,-0.2893014482559165,75.375,54.833333333333336
2026-01-23,2.0566332016315845,-2.0066918582716133,-1.1322882877449327,0.04907914599756193,0.16931179945710925,0.18967024713293795,94.58333333333331,66.33333333333333
2026-01-24,1.469610279127293,-1.9875752647163512,-2.296822933250838,-1.3044074742971457,-0.32140799882960785,-0.43391989991772495,110.29166666666669,71.625
2026-01-25,0.7362819522646272,-1.4108061361997684,-2.3994436661900074,-1.4651874402754828,0.02443550646383029,-0.11049672092262135,85.04166666666667,62.79166666666666
2026-01-26,-0.2906310772696084,-1.1900335267334416,-1.7669585701369905,-0.726878400734801,0.33120459620018716,-0.0851033027727348,73.25,52.375
2026-01-27,2.554145364341507,-1.9522702383059438,-0.052077548946975624,0.27401372609085406,0.04900872041685097,0.13468952199304005,92.08333333333331,63.708333333333336
2026-01-28,2.881226995157466,-1.7858478170724756,-0.14590191460456312,0.3299115119901742,0.05579519447154091,0.1969707903401946,144.91666666666666,82.66666666666667
2026-01-29,2.606094101544493,-1.955846463574559,0.2760948004540108,0.08397916548039593,-0.2347387419035851,-0.05828502531836889,134.45833333333334,79.41666666666667
2026-01-30,0.08959483980003015,-1.5032462804716549,0.5912368590340308,0.03484077077191511,-0.012353794005867391,-0.7670690760144908,125.125,76.54166666666667
2026-01-31,-1.6596828524208143,-0.9123204580579729,-0.0690847006654851,0.19316166506858307,0.5134653763516805,-0.39874923154165665,71.95833333333333,48.458333333333336
2026-02-01,1.2644254932923786,-1.833701072511581,-0.06520265116568168,0.7604561984292845,-0.10241780724228457,-0.2847729338801057,84.20833333333333,60.583333333333336
2026-02-02,3.1596684954666783,-2.2741946608389556,-0.06694901522055803,0.7592047453332399,-0.3543638258328229,-0.05135666763589541,133.79166666666666,79.29166666666667
2026-02-03,-0.30794063021754303,-1.2316207207006005,-0.40309921683755545,0.5856903314772716,0.4647922614210306,-0.3485677814052392,126.16666666666669,76.75
2026-02-04,-1.8002942987599537,-0.944607157818832,-0.5036897373909647,0.618517885151085,0.35454285801681235,-0.3754316770201502,63.54166666666666,39.91666666666666
2026-02-05,-1.6799211572647283,-0.800591597929364,-0.6445698892913141,0.6404618568141965,0.626929035144522,-0.17860205485481426,55.625,35.541666666666664
2026-02-06,-0.7469673401656348,-0.9348139651695296,-0.5466198884986224,0.5855273700947924,0.6611812549244297,-0.11347351286816955,63.333333333333336,40.66666666666666
2026-02-07,0.6173674763132224,-0.9459252995520103,-0.4149807313008887,0.4685371943058877,0.3573355003338261,0.3069366326477576,85.125,62.083333333333336
2026-02-08,2.1003050788102096,-0.6614400873593207,-0.5160771980147856,0.48019319105412106,0.7652500557404324,0.252927170225274,114.04166666666669,72.91666666666667
2026-02-09,1.471471813218065,-1.0472024326698872,-0.5714433225461455,0.8065882550552601,1.1642127262337387,-0.012724073353905133,111.625,72.16666666666667
2026-02-10,0.8446045755112297,-1.4930124488055154,0.28944566428522495,0.504664617681292,0.8561268457522451,-0.28396969795382965,97.91666666666669,67.58333333333333
2026-02-11,0.45454714079875036,-1.6915989868560162,0.5136420085353156,-0.53324253616974,0.3544630947919699,-0.7215818361836109,88.41666666666667,64.0
2026-02-12,-0.3663873448292211,-1.3206417371424937,-0.43016863379672327,0.2139672539473786,0.5540684588883553,-0.5040521528301148,81.20833333333333,61.083333333333336
2026-02-13,-0.6368056556131398,-1.0575299057684688,-0.47912622261698845,0.7163393098550523,0.8329478530036205,-0.30056613622390715,74.04166666666667,53.29166666666666
2026-02-14,0.7230108117281167,-1.2935825890952612,0.02138993107852264,0.9974254380267189,0.7764078409268652,-0.3506818601522472,83.33333333333333,61.41666666666666
2026-02-15,2.780619717763773,-1.2209513144631325,0.10525796873244811,0.9609328106363344,0.9149632262267468,-0.3370285937820046,122.29166666666669,75.58333333333333
2026-02-16,3.027063825439197,-1.363614831673265,0.026713447810436698,0.9685855582978994,0.5699244333082955,-0.4829514823603563,145.625,83.08333333333333
2026-02-17,0.9640178809473878,-1.1237548692188657,0.019307710171319933,1.2719950065143941,1.0372271259605785,-0.4385483562267114,127.20833333333331,77.08333333333333
2026-02-18,0.4783371379110019,-0.929584864641322,0.22166114052453953,1.11816485769692,1.1317163894765763,-0.4626424253004852,93.70833333333331,66.0
